<?xml version = '1.0' encoding = 'UTF-8'?>
<FKIndexAssociation class="oracle.dbtools.crest.model.design.relational.FKIndexAssociation" directorySegmentName="seg_0" id="138501E3-3D70-7A52-90B9-10891D3BCC99" containerWithKeyObject="8D41DA95-D773-9158-466A-BD31F3899E19" localFKIndex="28866093-9366-4476-9C81-7DBFD598D4D9" name="TB_LOGRADOURO_TB_BAIRRO_FK">
<createdBy>rapha</createdBy>
<createdTime>2021-11-12 23:38:38 UTC</createdTime>
<generatorID>B33653D8-3709-B957-0DAB-BF532582E4C4</generatorID>
<ownerDesignName>1</ownerDesignName>
<referredTableLongName>TB_BAIRRO</referredTableLongName>
<deleteRule>NO ACTION</deleteRule>
<referredTableID>549FA28E-BA31-C58B-212C-0D2001679596</referredTableID>
<keyObject>C240D235-266B-177F-2E20-D8347BC70FFE</keyObject>
<referredKeyID>C240D235-266B-177F-2E20-D8347BC70FFE</referredKeyID>
<mandatory>true</mandatory>
<refColNames>ID_BAIRRO</refColNames>
<transferable>true</transferable>
<rely>false</rely>
<columnDependencyConstraintGenerateInDDL>true</columnDependencyConstraintGenerateInDDL>
</FKIndexAssociation>