<?xml version = '1.0' encoding = 'UTF-8'?>
<FKIndexAssociation class="oracle.dbtools.crest.model.design.relational.FKIndexAssociation" directorySegmentName="seg_0" id="346CB7E2-BCB9-CA54-119C-5ABE057BCCB3" containerWithKeyObject="4213BB43-8A7B-2B41-2342-EF4E36954C58" localFKIndex="4F4B84F6-E5B1-7CFE-0092-BA4B85A98F86" name="TB_ENDERECOS_TB_TP_END_FK">
<createdBy>rapha</createdBy>
<createdTime>2021-11-12 23:38:38 UTC</createdTime>
<generatorID>4A0EB69D-A1EA-BFF5-0945-386FE649E046</generatorID>
<ownerDesignName>1</ownerDesignName>
<referredTableLongName>TB_TP_END</referredTableLongName>
<deleteRule>NO ACTION</deleteRule>
<referredTableID>8A3A998D-CA1F-AB45-918A-3F99695BB1E2</referredTableID>
<keyObject>FF9B588A-0E91-3E74-F069-2C1317577F4D</keyObject>
<referredKeyID>FF9B588A-0E91-3E74-F069-2C1317577F4D</referredKeyID>
<mandatory>true</mandatory>
<refColNames>ID_TP_END</refColNames>
<transferable>true</transferable>
<rely>false</rely>
<columnDependencyConstraintGenerateInDDL>true</columnDependencyConstraintGenerateInDDL>
</FKIndexAssociation>