<?xml version = '1.0' encoding = 'UTF-8'?>
<FKIndexAssociation class="oracle.dbtools.crest.model.design.relational.FKIndexAssociation" directorySegmentName="seg_0" id="3B6F9E3F-21DD-86D4-0417-73E199E3C6A1" containerWithKeyObject="8D41DA95-D773-9158-466A-BD31F3899E19" localFKIndex="B586A05C-2322-1D36-20EB-DD40756B5BC4" name="TB_LOGRADOURO_TB_PAIS_FK">
<createdBy>rapha</createdBy>
<createdTime>2021-11-12 23:38:38 UTC</createdTime>
<generatorID>C1CC8D9F-9778-DED7-066E-040FDAA29290</generatorID>
<ownerDesignName>1</ownerDesignName>
<referredTableLongName>TB_PAIS</referredTableLongName>
<deleteRule>NO ACTION</deleteRule>
<referredTableID>95DDD536-9249-A394-0CCB-E730182F876A</referredTableID>
<keyObject>BED39271-FC7D-BE24-210E-AB7190875D7E</keyObject>
<referredKeyID>BED39271-FC7D-BE24-210E-AB7190875D7E</referredKeyID>
<mandatory>true</mandatory>
<refColNames>ID_PAIS</refColNames>
<transferable>true</transferable>
<rely>false</rely>
<columnDependencyConstraintGenerateInDDL>true</columnDependencyConstraintGenerateInDDL>
</FKIndexAssociation>