<?xml version = '1.0' encoding = 'UTF-8'?>
<FKIndexAssociation class="oracle.dbtools.crest.model.design.relational.FKIndexAssociation" directorySegmentName="seg_0" id="478858D7-1DFF-7AF0-6B95-652A7BD62AC1" containerWithKeyObject="177505EF-691B-C6A7-6238-BB06E754C253" localFKIndex="9D7B1678-73BE-E8D1-80B3-C5261FB9A687" name="TB_EMAIL_TB_USUARIO_FK">
<createdBy>rapha</createdBy>
<createdTime>2021-11-12 23:38:38 UTC</createdTime>
<generatorID>6CAA2A3A-42B9-E725-28B2-98F3FCA01F39</generatorID>
<ownerDesignName>1</ownerDesignName>
<referredTableLongName>TB_USUARIO</referredTableLongName>
<deleteRule>NO ACTION</deleteRule>
<referredTableID>26D27BB4-FBE6-D9A2-268A-6EC330972FCF</referredTableID>
<keyObject>87722C22-EB9F-B2E5-33CB-B997652C8EF2</keyObject>
<referredKeyID>87722C22-EB9F-B2E5-33CB-B997652C8EF2</referredKeyID>
<mandatory>true</mandatory>
<refColNames>COD_USUARIO</refColNames>
<transferable>true</transferable>
<rely>false</rely>
<columnDependencyConstraintGenerateInDDL>true</columnDependencyConstraintGenerateInDDL>
</FKIndexAssociation>