<?xml version = '1.0' encoding = 'UTF-8'?>
<FKIndexAssociation class="oracle.dbtools.crest.model.design.relational.FKIndexAssociation" directorySegmentName="seg_0" id="52D63F9A-A592-3FA2-EAD8-1EB33407990D" containerWithKeyObject="8D41DA95-D773-9158-466A-BD31F3899E19" localFKIndex="381A577F-0CEA-CC68-A6AA-4F93F5218A4B" name="TB_LOGRADOURO_TB_ESTADO_FK">
<createdBy>rapha</createdBy>
<createdTime>2021-11-12 23:38:38 UTC</createdTime>
<generatorID>F40B33C8-A419-DF37-32B3-3B0BBF60253E</generatorID>
<ownerDesignName>1</ownerDesignName>
<referredTableLongName>TB_ESTADO</referredTableLongName>
<deleteRule>NO ACTION</deleteRule>
<referredTableID>C8CA32AF-B6D7-F5D8-F5BB-868EB4890F51</referredTableID>
<keyObject>B1D9617F-2227-BC59-3EF3-0F22A3CC2A05</keyObject>
<referredKeyID>B1D9617F-2227-BC59-3EF3-0F22A3CC2A05</referredKeyID>
<mandatory>true</mandatory>
<refColNames>ID_ESTADO</refColNames>
<transferable>true</transferable>
<rely>false</rely>
<columnDependencyConstraintGenerateInDDL>true</columnDependencyConstraintGenerateInDDL>
</FKIndexAssociation>