<?xml version = '1.0' encoding = 'UTF-8'?>
<FKIndexAssociation class="oracle.dbtools.crest.model.design.relational.FKIndexAssociation" directorySegmentName="seg_0" id="592BA58F-A4DA-61DE-CB66-325BB2C565FD" containerWithKeyObject="177505EF-691B-C6A7-6238-BB06E754C253" localFKIndex="1A3D0E21-094B-223C-5923-14DB0D7BAC2A" name="TB_EMAIL_TB_TIPO_EMAIL_FK">
<createdBy>rapha</createdBy>
<createdTime>2021-11-12 23:38:38 UTC</createdTime>
<generatorID>DD34F419-B780-0BCD-FE7A-0E9E4DFFFEAA</generatorID>
<ownerDesignName>1</ownerDesignName>
<referredTableLongName>TB_TIPO_EMAIL</referredTableLongName>
<deleteRule>NO ACTION</deleteRule>
<referredTableID>5F962FDD-4534-9A71-9E76-715B77DDE535</referredTableID>
<keyObject>0DD54CEF-177C-DDDE-BF9F-76FCD0469669</keyObject>
<referredKeyID>0DD54CEF-177C-DDDE-BF9F-76FCD0469669</referredKeyID>
<mandatory>true</mandatory>
<refColNames>ID_TIPO_EMAIL</refColNames>
<transferable>true</transferable>
<rely>false</rely>
<columnDependencyConstraintGenerateInDDL>true</columnDependencyConstraintGenerateInDDL>
</FKIndexAssociation>