<?xml version = '1.0' encoding = 'UTF-8'?>
<FKIndexAssociation class="oracle.dbtools.crest.model.design.relational.FKIndexAssociation" directorySegmentName="seg_0" id="662EF3B9-E169-DA10-1270-8AD37C72B5E7" containerWithKeyObject="8D41DA95-D773-9158-466A-BD31F3899E19" localFKIndex="BA4E2F21-8A22-A975-4F31-9338917FB24D" name="TB_LOGRADOURO_TB_CIDADE_FK">
<createdBy>rapha</createdBy>
<createdTime>2021-11-12 23:38:38 UTC</createdTime>
<generatorID>1524426C-1E2F-8681-C08C-D0E9751C11BA</generatorID>
<ownerDesignName>1</ownerDesignName>
<referredTableLongName>TB_CIDADE</referredTableLongName>
<deleteRule>NO ACTION</deleteRule>
<referredTableID>E4E937F4-A041-2BB9-63BF-FA4E984AE852</referredTableID>
<keyObject>AB4E27D5-752A-4B2D-7A1E-8D6F4850CFD7</keyObject>
<referredKeyID>AB4E27D5-752A-4B2D-7A1E-8D6F4850CFD7</referredKeyID>
<mandatory>true</mandatory>
<refColNames>ID_CIDADE</refColNames>
<transferable>true</transferable>
<rely>false</rely>
<columnDependencyConstraintGenerateInDDL>true</columnDependencyConstraintGenerateInDDL>
</FKIndexAssociation>