<?xml version = '1.0' encoding = 'UTF-8'?>
<FKIndexAssociation class="oracle.dbtools.crest.model.design.relational.FKIndexAssociation" directorySegmentName="seg_0" id="71786F1D-2380-170D-95E7-F40EC115DC1A" containerWithKeyObject="E179C38A-D8D4-1F21-D9CD-5E772D4C9C07" localFKIndex="2CC11A42-B800-1F1C-1619-42E18B4B9123" name="TB_TELEFONE_TIPO_TELEFONE_FK">
<createdBy>rapha</createdBy>
<createdTime>2021-11-12 23:38:38 UTC</createdTime>
<generatorID>DA90342A-40EF-4224-621E-1EDA0946A68E</generatorID>
<ownerDesignName>1</ownerDesignName>
<referredTableLongName>TIPO_TELEFONE</referredTableLongName>
<deleteRule>NO ACTION</deleteRule>
<referredTableID>DF1194C6-94C2-0AEE-F2FC-FC81FE06475E</referredTableID>
<keyObject>DA23D2A4-3DC5-34FA-A4B3-0E5F34B7E0F5</keyObject>
<referredKeyID>DA23D2A4-3DC5-34FA-A4B3-0E5F34B7E0F5</referredKeyID>
<mandatory>true</mandatory>
<refColNames>ID_TP_TEL</refColNames>
<transferable>true</transferable>
<rely>false</rely>
<columnDependencyConstraintGenerateInDDL>true</columnDependencyConstraintGenerateInDDL>
</FKIndexAssociation>