<?xml version = '1.0' encoding = 'UTF-8'?>
<FKIndexAssociation class="oracle.dbtools.crest.model.design.relational.FKIndexAssociation" directorySegmentName="seg_0" id="72CCBD91-2EE0-F04A-F73B-7588A8C1CFB9" containerWithKeyObject="E179C38A-D8D4-1F21-D9CD-5E772D4C9C07" localFKIndex="944F25B1-F035-5575-5662-573E5A44AA04" name="TB_TELEFONE_TB_USUARIO_FK">
<createdBy>rapha</createdBy>
<createdTime>2021-11-12 23:38:38 UTC</createdTime>
<generatorID>4F57C6BC-0427-605A-58FD-027FB3FAE68E</generatorID>
<ownerDesignName>1</ownerDesignName>
<referredTableLongName>TB_USUARIO</referredTableLongName>
<deleteRule>NO ACTION</deleteRule>
<referredTableID>26D27BB4-FBE6-D9A2-268A-6EC330972FCF</referredTableID>
<keyObject>87722C22-EB9F-B2E5-33CB-B997652C8EF2</keyObject>
<referredKeyID>87722C22-EB9F-B2E5-33CB-B997652C8EF2</referredKeyID>
<mandatory>true</mandatory>
<refColNames>COD_USUARIO</refColNames>
<transferable>true</transferable>
<rely>false</rely>
<columnDependencyConstraintGenerateInDDL>true</columnDependencyConstraintGenerateInDDL>
</FKIndexAssociation>