<?xml version = '1.0' encoding = 'UTF-8'?>
<FKIndexAssociation class="oracle.dbtools.crest.model.design.relational.FKIndexAssociation" directorySegmentName="seg_0" id="F0301F7C-F3E6-B6D9-904F-CDCDAB3DADC9" containerWithKeyObject="4213BB43-8A7B-2B41-2342-EF4E36954C58" localFKIndex="BD76BBCD-D9FB-0761-0F5C-536CCA46299F" name="TB_ENDERECOS_TB_USUARIO_FK">
<createdBy>rapha</createdBy>
<createdTime>2021-11-12 23:38:38 UTC</createdTime>
<generatorID>6E86C614-A657-2938-F4A4-9A5B8417A75A</generatorID>
<ownerDesignName>1</ownerDesignName>
<referredTableLongName>TB_USUARIO</referredTableLongName>
<deleteRule>NO ACTION</deleteRule>
<referredTableID>26D27BB4-FBE6-D9A2-268A-6EC330972FCF</referredTableID>
<keyObject>87722C22-EB9F-B2E5-33CB-B997652C8EF2</keyObject>
<referredKeyID>87722C22-EB9F-B2E5-33CB-B997652C8EF2</referredKeyID>
<mandatory>true</mandatory>
<refColNames>COD_USUARIO</refColNames>
<transferable>true</transferable>
<rely>false</rely>
<columnDependencyConstraintGenerateInDDL>true</columnDependencyConstraintGenerateInDDL>
</FKIndexAssociation>