<?xml version = '1.0' encoding = 'UTF-8'?>
<FKIndexAssociation class="oracle.dbtools.crest.model.design.relational.FKIndexAssociation" directorySegmentName="seg_0" id="F55DE704-AC57-10AC-291E-576D8FB6C41D" containerWithKeyObject="4213BB43-8A7B-2B41-2342-EF4E36954C58" localFKIndex="69252FA9-EAE7-30AA-34A8-FC05C2E2D74A" name="TB_ENDERECOS_TB_LOGRADOURO_FK">
<createdBy>rapha</createdBy>
<createdTime>2021-11-12 23:38:38 UTC</createdTime>
<generatorID>7C4DF70B-A4D5-9A77-DE91-E599414D5B35</generatorID>
<ownerDesignName>1</ownerDesignName>
<referredTableLongName>TB_LOGRADOURO</referredTableLongName>
<deleteRule>NO ACTION</deleteRule>
<referredTableID>8D41DA95-D773-9158-466A-BD31F3899E19</referredTableID>
<keyObject>DC1D44FD-BE19-93BA-8B41-AFF8C43CD4EC</keyObject>
<referredKeyID>DC1D44FD-BE19-93BA-8B41-AFF8C43CD4EC</referredKeyID>
<mandatory>true</mandatory>
<refColNames>ID_LOGRADOURO</refColNames>
<transferable>true</transferable>
<rely>false</rely>
<columnDependencyConstraintGenerateInDDL>true</columnDependencyConstraintGenerateInDDL>
</FKIndexAssociation>