<?xml version = '1.0' encoding = 'UTF-8'?>
<Entity class="oracle.dbtools.crest.model.design.logical.Entity" directorySegmentName="seg_0" id="3C734FE9-D529-CC28-C37D-B4E088F0A5EB" name="TB_REFEICAO">
<createdBy>rapha</createdBy>
<createdTime>2021-11-15 21:05:22 UTC</createdTime>
<ownerDesignName>Atividade_3_7</ownerDesignName>
<engineerTo>
<item key="1A9043C7-A7CE-4AB7-D546-30D4BC5575A0" value="true"/>
</engineerTo>
<adequatelyNormalized>NO</adequatelyNormalized>
<expectedVolumes>0</expectedVolumes>
<fwdEngineeringStrategyName>Single Table</fwdEngineeringStrategyName>
<growthPercent>0</growthPercent>
<growthType>Year</growthType>
<maxVolumes>9999999</maxVolumes>
<minVolumes>0</minVolumes>
<normalForm>Third</normalForm>
<attributes itemClass="oracle.dbtools.crest.model.design.logical.Attribute">
<Attribute name="id_refeição" id="C0DB32F2-3635-A6CB-4710-E15887B98F3B">
<createdBy>rapha</createdBy>
<createdTime>2021-11-15 21:06:45 UTC</createdTime>
<ownerDesignName>Atividade_3_7</ownerDesignName>
<engineerTo>
<item key="1A9043C7-A7CE-4AB7-D546-30D4BC5575A0" value="true"/>
</engineerTo>
<useDomainConstraints>false</useDomainConstraints>
<use>1</use>
<logicalDatatype>LOGDT024</logicalDatatype>
<dataTypeSize>30</dataTypeSize>
<ownDataTypeParameters>30,,</ownDataTypeParameters>
</Attribute>
<Attribute name="tp_refeição" id="5385A23E-252C-47EB-A2BC-837E28E8E784">
<createdBy>rapha</createdBy>
<createdTime>2021-11-15 21:10:23 UTC</createdTime>
<ownerDesignName>Atividade_3_7</ownerDesignName>
<engineerTo>
<item key="1A9043C7-A7CE-4AB7-D546-30D4BC5575A0" value="true"/>
</engineerTo>
<useDomainConstraints>false</useDomainConstraints>
<use>1</use>
<logicalDatatype>LOGDT024</logicalDatatype>
<dataTypeSize>30</dataTypeSize>
<ownDataTypeParameters>30,,</ownDataTypeParameters>
</Attribute>
<Attribute name="id_user" id="0ABF8687-B535-DA9B-9DCE-CE5A26964487">
<createdBy>rapha</createdBy>
<createdTime>2021-11-15 21:09:45 UTC</createdTime>
<generatorID>E8F5151C-468F-A8B0-E25E-82F2D07FC2A9</generatorID>
<ownerDesignName>Atividade_3_7</ownerDesignName>
<engineerTo>
<item key="1A9043C7-A7CE-4AB7-D546-30D4BC5575A0" value="true"/>
</engineerTo>
<referedAttribute>37C9F797-EAA8-3624-5AE8-D9DD6F7CB0B4</referedAttribute>
<useDomainConstraints>false</useDomainConstraints>
<use>1</use>
<logicalDatatype>LOGDT019</logicalDatatype>
<dataTypePrecision>1000</dataTypePrecision>
<ownDataTypeParameters>,,</ownDataTypeParameters>
</Attribute>
<Attribute name="data" id="1473CABE-91F6-CF88-912D-120FB1C5F509">
<createdBy>rapha</createdBy>
<createdTime>2021-11-15 21:17:39 UTC</createdTime>
<ownerDesignName>Atividade_3_7</ownerDesignName>
<engineerTo>
<item key="1A9043C7-A7CE-4AB7-D546-30D4BC5575A0" value="true"/>
</engineerTo>
<useDomainConstraints>false</useDomainConstraints>
<use>1</use>
<logicalDatatype>LOGDT008</logicalDatatype>
<ownDataTypeParameters>,,</ownDataTypeParameters>
</Attribute>
</attributes>
<identifiers itemClass="oracle.dbtools.crest.model.design.logical.CandidateKey">
<identifier id="BFEFA3E2-6411-49D9-0729-B51A52758BAA" name="TB_REFEICAO PK">
<createdBy>rapha</createdBy>
<createdTime>2021-11-15 21:10:08 UTC</createdTime>
<ownerDesignName>Atividade_3_7</ownerDesignName>
<engineerTo>
<item key="1A9043C7-A7CE-4AB7-D546-30D4BC5575A0" value="true"/>
</engineerTo>
<pk>true</pk>
<usedAttributes>
<attributeRef>C0DB32F2-3635-A6CB-4710-E15887B98F3B</attributeRef>
</usedAttributes>
</identifier>
</identifiers>
</Entity>