<?xml version = '1.0' encoding = 'UTF-8'?>
<Entity class="oracle.dbtools.crest.model.design.logical.Entity" directorySegmentName="seg_0" id="4F714EC2-5811-F1BB-DB51-A60EEE2AE67B" name="TB_ALIMENTOS">
<createdBy>rapha</createdBy>
<createdTime>2021-11-15 20:52:31 UTC</createdTime>
<generatorID>62D21CA1-EF83-C44E-64BD-285AF9EA0D59</generatorID>
<ownerDesignName>Atividade_3_7</ownerDesignName>
<engineerTo>
<item key="1A9043C7-A7CE-4AB7-D546-30D4BC5575A0" value="true"/>
</engineerTo>
<adequatelyNormalized>NO</adequatelyNormalized>
<expectedVolumes>0</expectedVolumes>
<fwdEngineeringStrategyName>Single Table</fwdEngineeringStrategyName>
<growthPercent>0</growthPercent>
<growthType>Year</growthType>
<maxVolumes>9999999</maxVolumes>
<minVolumes>0</minVolumes>
<normalForm>Third</normalForm>
<attributes itemClass="oracle.dbtools.crest.model.design.logical.Attribute">
<Attribute name="id_alimento" id="9319262C-6A40-C3A6-80D9-8ED548C507E4">
<createdBy>rapha</createdBy>
<createdTime>2021-11-15 20:52:31 UTC</createdTime>
<generatorID>F63C785F-4DBA-2B12-FD09-0CF2292D8B52</generatorID>
<ownerDesignName>Atividade_3_7</ownerDesignName>
<engineerTo>
<item key="1A9043C7-A7CE-4AB7-D546-30D4BC5575A0" value="true"/>
</engineerTo>
<useDomainConstraints>false</useDomainConstraints>
<use>1</use>
<logicalDatatype>LOGDT024</logicalDatatype>
<dataTypeSize>30</dataTypeSize>
<ownDataTypeParameters>30,,</ownDataTypeParameters>
</Attribute>
<Attribute name="nm_alimento" id="4019DE8F-BED9-75C3-6FC5-D05D13B32EB9">
<createdBy>rapha</createdBy>
<createdTime>2021-11-15 20:52:31 UTC</createdTime>
<generatorID>7C5F5422-0EBB-9C44-D183-AAECF91AF4EB</generatorID>
<ownerDesignName>Atividade_3_7</ownerDesignName>
<engineerTo>
<item key="1A9043C7-A7CE-4AB7-D546-30D4BC5575A0" value="true"/>
</engineerTo>
<useDomainConstraints>false</useDomainConstraints>
<use>1</use>
<logicalDatatype>LOGDT024</logicalDatatype>
<dataTypeSize>30</dataTypeSize>
<ownDataTypeParameters>30,,</ownDataTypeParameters>
</Attribute>
<Attribute name="nm_calorias" id="F4F2AEFC-A9DE-5AD2-DD7E-0154680A100E">
<createdBy>rapha</createdBy>
<createdTime>2021-11-15 20:52:31 UTC</createdTime>
<generatorID>6C0A5AFC-1C46-F34A-474C-D6D06EFC9966</generatorID>
<ownerDesignName>Atividade_3_7</ownerDesignName>
<engineerTo>
<item key="1A9043C7-A7CE-4AB7-D546-30D4BC5575A0" value="true"/>
</engineerTo>
<useDomainConstraints>false</useDomainConstraints>
<use>1</use>
<logicalDatatype>LOGDT019</logicalDatatype>
<dataTypePrecision>7</dataTypePrecision>
<dataTypeScale>2</dataTypeScale>
<ownDataTypeParameters>,7,2</ownDataTypeParameters>
</Attribute>
</attributes>
<identifiers itemClass="oracle.dbtools.crest.model.design.logical.CandidateKey">
<identifier id="891785EE-3625-01A5-C471-9B61454D6790" name="TB ALIMENTOS PK">
<createdBy>rapha</createdBy>
<createdTime>2021-11-15 20:52:31 UTC</createdTime>
<generatorID>81A30FAB-BC57-5608-D0F0-21517F0C7E92</generatorID>
<ownerDesignName>Atividade_3_7</ownerDesignName>
<engineerTo>
<item key="1A9043C7-A7CE-4AB7-D546-30D4BC5575A0" value="true"/>
</engineerTo>
<pk>true</pk>
<usedAttributes>
<attributeRef>9319262C-6A40-C3A6-80D9-8ED548C507E4</attributeRef>
</usedAttributes>
</identifier>
</identifiers>
</Entity>