<?xml version = '1.0' encoding = 'UTF-8'?>
<Entity class="oracle.dbtools.crest.model.design.logical.Entity" directorySegmentName="seg_0" id="60A4A3B9-7487-D65B-89F2-50CFEAB85745" name="TB_ATV_FISICA">
<createdBy>rapha</createdBy>
<createdTime>2021-11-15 20:52:31 UTC</createdTime>
<generatorID>5754833D-33C5-EAF3-5A0C-A460C5776A68</generatorID>
<ownerDesignName>Atividade_3_7</ownerDesignName>
<engineerTo>
<item key="1A9043C7-A7CE-4AB7-D546-30D4BC5575A0" value="true"/>
</engineerTo>
<adequatelyNormalized>NO</adequatelyNormalized>
<expectedVolumes>0</expectedVolumes>
<fwdEngineeringStrategyName>Single Table</fwdEngineeringStrategyName>
<growthPercent>0</growthPercent>
<growthType>Year</growthType>
<maxVolumes>9999999</maxVolumes>
<minVolumes>0</minVolumes>
<normalForm>Third</normalForm>
<attributes itemClass="oracle.dbtools.crest.model.design.logical.Attribute">
<Attribute name="id_atv" id="B3747A48-AF70-EC44-0D65-6DCB7B263E7B">
<createdBy>rapha</createdBy>
<createdTime>2021-11-15 20:52:31 UTC</createdTime>
<generatorID>5B517AEF-562A-B684-7F5F-6777E542BCBF</generatorID>
<ownerDesignName>Atividade_3_7</ownerDesignName>
<engineerTo>
<item key="1A9043C7-A7CE-4AB7-D546-30D4BC5575A0" value="true"/>
</engineerTo>
<useDomainConstraints>false</useDomainConstraints>
<use>1</use>
<logicalDatatype>LOGDT024</logicalDatatype>
<dataTypeSize>30</dataTypeSize>
<ownDataTypeParameters>30,,</ownDataTypeParameters>
</Attribute>
<Attribute name="tp_atv" id="F7E0D225-AB04-F7D0-4EEC-BD5CEF097EA3">
<createdBy>rapha</createdBy>
<createdTime>2021-11-15 20:52:31 UTC</createdTime>
<generatorID>07447546-3431-A9CC-04C7-74D69641C347</generatorID>
<ownerDesignName>Atividade_3_7</ownerDesignName>
<engineerTo>
<item key="1A9043C7-A7CE-4AB7-D546-30D4BC5575A0" value="true"/>
</engineerTo>
<useDomainConstraints>false</useDomainConstraints>
<use>1</use>
<logicalDatatype>LOGDT024</logicalDatatype>
<dataTypeSize>30</dataTypeSize>
<ownDataTypeParameters>30,,</ownDataTypeParameters>
</Attribute>
<Attribute name="nm_atv" id="D7D6B260-BAC9-9F8A-09DB-3D8963D4F005">
<createdBy>rapha</createdBy>
<createdTime>2021-11-15 21:37:13 UTC</createdTime>
<ownerDesignName>Atividade_3_7</ownerDesignName>
<engineerTo>
<item key="1A9043C7-A7CE-4AB7-D546-30D4BC5575A0" value="true"/>
</engineerTo>
<nullsAllowed>true</nullsAllowed>
<useDomainConstraints>false</useDomainConstraints>
<use>1</use>
<logicalDatatype>LOGDT024</logicalDatatype>
<dataTypeSize>30</dataTypeSize>
<ownDataTypeParameters>30,,</ownDataTypeParameters>
</Attribute>
<Attribute name="dt_atv" id="8F03D7B6-7EAD-8C37-9132-85856B407D2C">
<createdBy>rapha</createdBy>
<createdTime>2021-11-15 20:52:31 UTC</createdTime>
<generatorID>9D737CF0-62E4-8F57-87CE-EDB99E425E89</generatorID>
<ownerDesignName>Atividade_3_7</ownerDesignName>
<engineerTo>
<item key="1A9043C7-A7CE-4AB7-D546-30D4BC5575A0" value="true"/>
</engineerTo>
<useDomainConstraints>false</useDomainConstraints>
<use>1</use>
<logicalDatatype>LOGDT008</logicalDatatype>
<ownDataTypeParameters>,,</ownDataTypeParameters>
</Attribute>
<Attribute name="gasto_caloria" id="F45E3775-D1DA-9902-CD85-B7699937C2FD">
<createdBy>rapha</createdBy>
<createdTime>2021-11-15 20:52:31 UTC</createdTime>
<generatorID>A245509E-0075-0578-E65D-D8755DEE4A04</generatorID>
<ownerDesignName>Atividade_3_7</ownerDesignName>
<engineerTo>
<item key="1A9043C7-A7CE-4AB7-D546-30D4BC5575A0" value="true"/>
</engineerTo>
<useDomainConstraints>false</useDomainConstraints>
<use>1</use>
<logicalDatatype>LOGDT019</logicalDatatype>
<dataTypePrecision>9</dataTypePrecision>
<dataTypeScale>2</dataTypeScale>
<ownDataTypeParameters>,9,2</ownDataTypeParameters>
</Attribute>
<Attribute name="id_user" id="1E3B40B9-D95B-C30D-6174-A51C455CE638">
<createdBy>rapha</createdBy>
<createdTime>2021-11-15 20:52:31 UTC</createdTime>
<generatorID>E9E45A64-BEDA-AF6A-8FDB-0F82E7935F78</generatorID>
<ownerDesignName>Atividade_3_7</ownerDesignName>
<engineerTo>
<item key="1A9043C7-A7CE-4AB7-D546-30D4BC5575A0" value="true"/>
</engineerTo>
<nullsAllowed>true</nullsAllowed>
<referedAttribute>37C9F797-EAA8-3624-5AE8-D9DD6F7CB0B4</referedAttribute>
<useDomainConstraints>false</useDomainConstraints>
<use>1</use>
<logicalDatatype>LOGDT019</logicalDatatype>
<dataTypePrecision>1000</dataTypePrecision>
<ownDataTypeParameters>,,</ownDataTypeParameters>
</Attribute>
</attributes>
<identifiers itemClass="oracle.dbtools.crest.model.design.logical.CandidateKey">
<identifier id="E1015310-CFB3-4DF5-E647-0CCB2A13A68F" name="TB ATV FISICA PK">
<createdBy>rapha</createdBy>
<createdTime>2021-11-15 20:52:31 UTC</createdTime>
<generatorID>3B3DDE15-210F-A5B1-2BAC-44E415133E74</generatorID>
<ownerDesignName>Atividade_3_7</ownerDesignName>
<engineerTo>
<item key="1A9043C7-A7CE-4AB7-D546-30D4BC5575A0" value="true"/>
</engineerTo>
<pk>true</pk>
<usedAttributes>
<attributeRef>B3747A48-AF70-EC44-0D65-6DCB7B263E7B</attributeRef>
</usedAttributes>
</identifier>
</identifiers>
</Entity>