<?xml version = '1.0' encoding = 'UTF-8'?>
<Entity class="oracle.dbtools.crest.model.design.logical.Entity" directorySegmentName="seg_0" id="B2902AB0-56AE-69B3-3778-A863F7361B7D" name="TB LISTA PESO">
<createdBy>rapha</createdBy>
<createdTime>2021-11-15 20:52:31 UTC</createdTime>
<generatorID>9276714E-3567-C13C-A5C5-0103DAB4C439</generatorID>
<ownerDesignName>Atividade_3_7</ownerDesignName>
<engineerTo>
<item key="1A9043C7-A7CE-4AB7-D546-30D4BC5575A0" value="true"/>
</engineerTo>
<adequatelyNormalized>NO</adequatelyNormalized>
<expectedVolumes>0</expectedVolumes>
<fwdEngineeringStrategyName>Single Table</fwdEngineeringStrategyName>
<growthPercent>0</growthPercent>
<growthType>Year</growthType>
<maxVolumes>9999999</maxVolumes>
<minVolumes>0</minVolumes>
<normalForm>Third</normalForm>
<attributes itemClass="oracle.dbtools.crest.model.design.logical.Attribute">
<Attribute name="id peso" id="F645D45F-7A18-E6D7-8ACC-88545CDFEF8A">
<createdBy>rapha</createdBy>
<createdTime>2021-11-15 20:52:31 UTC</createdTime>
<generatorID>680849C0-7C70-1580-D768-296374B769D3</generatorID>
<ownerDesignName>Atividade_3_7</ownerDesignName>
<engineerTo>
<item key="1A9043C7-A7CE-4AB7-D546-30D4BC5575A0" value="true"/>
</engineerTo>
<useDomainConstraints>false</useDomainConstraints>
<use>1</use>
<logicalDatatype>LOGDT019</logicalDatatype>
<dataTypePrecision>5</dataTypePrecision>
<dataTypeScale>2</dataTypeScale>
<ownDataTypeParameters>,5,2</ownDataTypeParameters>
</Attribute>
<Attribute name="data" id="BD63983A-4553-8457-7031-D0C7ADA22BAA">
<createdBy>rapha</createdBy>
<createdTime>2021-11-15 20:52:31 UTC</createdTime>
<generatorID>AA877A18-A61F-568E-F630-6F02A26A1967</generatorID>
<ownerDesignName>Atividade_3_7</ownerDesignName>
<engineerTo>
<item key="1A9043C7-A7CE-4AB7-D546-30D4BC5575A0" value="true"/>
</engineerTo>
<useDomainConstraints>false</useDomainConstraints>
<use>1</use>
<logicalDatatype>LOGDT008</logicalDatatype>
<ownDataTypeParameters>,,</ownDataTypeParameters>
</Attribute>
<Attribute name="peso" id="FB2E9E27-9E71-47D0-B1E5-196188CA68D5">
<createdBy>rapha</createdBy>
<createdTime>2021-11-15 20:52:31 UTC</createdTime>
<generatorID>67B551AE-40FC-2907-A080-097C2A5F1272</generatorID>
<ownerDesignName>Atividade_3_7</ownerDesignName>
<engineerTo>
<item key="1A9043C7-A7CE-4AB7-D546-30D4BC5575A0" value="true"/>
</engineerTo>
<useDomainConstraints>false</useDomainConstraints>
<use>1</use>
<logicalDatatype>LOGDT019</logicalDatatype>
<dataTypePrecision>5</dataTypePrecision>
<dataTypeScale>2</dataTypeScale>
<ownDataTypeParameters>,5,2</ownDataTypeParameters>
</Attribute>
<Attribute name="id_user" id="18128748-5E0F-61AD-6ED8-334F9CADA89D">
<createdBy>rapha</createdBy>
<createdTime>2021-11-15 20:52:31 UTC</createdTime>
<generatorID>29FE51FC-E17A-570E-0AF1-5272CBC1B1E3</generatorID>
<ownerDesignName>Atividade_3_7</ownerDesignName>
<engineerTo>
<item key="1A9043C7-A7CE-4AB7-D546-30D4BC5575A0" value="true"/>
</engineerTo>
<nullsAllowed>true</nullsAllowed>
<referedAttribute>37C9F797-EAA8-3624-5AE8-D9DD6F7CB0B4</referedAttribute>
<useDomainConstraints>false</useDomainConstraints>
<use>1</use>
<logicalDatatype>LOGDT019</logicalDatatype>
<dataTypePrecision>1000</dataTypePrecision>
<ownDataTypeParameters>,,</ownDataTypeParameters>
</Attribute>
</attributes>
<identifiers itemClass="oracle.dbtools.crest.model.design.logical.CandidateKey">
<identifier id="4F6B25B0-3EE6-3995-E73B-3BF83EADE326" name="TB LISTA PESO PK">
<createdBy>rapha</createdBy>
<createdTime>2021-11-15 20:52:31 UTC</createdTime>
<generatorID>F42DFF96-7895-E2B1-3D94-F5F5F56F4758</generatorID>
<ownerDesignName>Atividade_3_7</ownerDesignName>
<engineerTo>
<item key="1A9043C7-A7CE-4AB7-D546-30D4BC5575A0" value="true"/>
</engineerTo>
<pk>true</pk>
<usedAttributes>
<attributeRef>F645D45F-7A18-E6D7-8ACC-88545CDFEF8A</attributeRef>
</usedAttributes>
</identifier>
</identifiers>
</Entity>