<?xml version = '1.0' encoding = 'UTF-8'?>
<Entity class="oracle.dbtools.crest.model.design.logical.Entity" directorySegmentName="seg_0" id="B669A69B-0CB4-7643-DEA2-3B22DBEDEC3C" name="TB_USUARIO">
<createdBy>rapha</createdBy>
<createdTime>2021-11-15 20:52:31 UTC</createdTime>
<generatorID>E46331E2-CBF4-63AC-594E-750DC97E51EB</generatorID>
<ownerDesignName>Atividade_3_7</ownerDesignName>
<engineerTo>
<item key="1A9043C7-A7CE-4AB7-D546-30D4BC5575A0" value="true"/>
</engineerTo>
<adequatelyNormalized>NO</adequatelyNormalized>
<expectedVolumes>0</expectedVolumes>
<fwdEngineeringStrategyName>Single Table</fwdEngineeringStrategyName>
<growthPercent>0</growthPercent>
<growthType>Year</growthType>
<maxVolumes>9999999</maxVolumes>
<minVolumes>0</minVolumes>
<normalForm>Third</normalForm>
<attributes itemClass="oracle.dbtools.crest.model.design.logical.Attribute">
<Attribute name="id_user" id="37C9F797-EAA8-3624-5AE8-D9DD6F7CB0B4">
<createdBy>rapha</createdBy>
<createdTime>2021-11-15 20:52:31 UTC</createdTime>
<generatorID>96FD68B1-65BA-855F-ACF9-391F31E6CC98</generatorID>
<ownerDesignName>Atividade_3_7</ownerDesignName>
<engineerTo>
<item key="1A9043C7-A7CE-4AB7-D546-30D4BC5575A0" value="true"/>
</engineerTo>
<useDomainConstraints>false</useDomainConstraints>
<use>1</use>
<logicalDatatype>LOGDT019</logicalDatatype>
<dataTypePrecision>1000</dataTypePrecision>
<ownDataTypeParameters>,1000,</ownDataTypeParameters>
</Attribute>
<Attribute name="nome" id="A6F96D09-752D-3444-0D28-960F52AA0D17">
<createdBy>rapha</createdBy>
<createdTime>2021-11-15 20:52:31 UTC</createdTime>
<generatorID>51A49FDA-A0A8-FE3A-B992-30C0DC556FB5</generatorID>
<ownerDesignName>Atividade_3_7</ownerDesignName>
<engineerTo>
<item key="1A9043C7-A7CE-4AB7-D546-30D4BC5575A0" value="true"/>
</engineerTo>
<useDomainConstraints>false</useDomainConstraints>
<use>1</use>
<logicalDatatype>LOGDT024</logicalDatatype>
<dataTypeSize>20</dataTypeSize>
<ownDataTypeParameters>20,,</ownDataTypeParameters>
</Attribute>
<Attribute name="sobrenome" id="FF219D63-28C4-1CEE-DE9C-21CE7A4250F7">
<createdBy>rapha</createdBy>
<createdTime>2021-11-15 20:52:31 UTC</createdTime>
<generatorID>54BC41BB-DF23-54AB-4323-5D128857EECA</generatorID>
<ownerDesignName>Atividade_3_7</ownerDesignName>
<engineerTo>
<item key="1A9043C7-A7CE-4AB7-D546-30D4BC5575A0" value="true"/>
</engineerTo>
<useDomainConstraints>false</useDomainConstraints>
<use>1</use>
<logicalDatatype>LOGDT024</logicalDatatype>
<dataTypeSize>50</dataTypeSize>
<ownDataTypeParameters>50,,</ownDataTypeParameters>
</Attribute>
<Attribute name="nascimento" id="B7B2E57E-6DD5-E6C4-967F-B92C41DE19FE">
<createdBy>rapha</createdBy>
<createdTime>2021-11-15 20:52:31 UTC</createdTime>
<generatorID>800166F6-A098-A818-FAA7-23FD70954231</generatorID>
<ownerDesignName>Atividade_3_7</ownerDesignName>
<engineerTo>
<item key="1A9043C7-A7CE-4AB7-D546-30D4BC5575A0" value="true"/>
</engineerTo>
<useDomainConstraints>false</useDomainConstraints>
<use>1</use>
<logicalDatatype>LOGDT007</logicalDatatype>
<ownDataTypeParameters>,,</ownDataTypeParameters>
</Attribute>
<Attribute name="altura" id="49BB266A-119A-0F97-96E1-842B3F4ABC48">
<createdBy>rapha</createdBy>
<createdTime>2021-11-15 20:52:31 UTC</createdTime>
<generatorID>10176364-7AB5-3DC0-5333-EBEDDAE9957A</generatorID>
<ownerDesignName>Atividade_3_7</ownerDesignName>
<engineerTo>
<item key="1A9043C7-A7CE-4AB7-D546-30D4BC5575A0" value="true"/>
</engineerTo>
<useDomainConstraints>false</useDomainConstraints>
<use>1</use>
<logicalDatatype>LOGDT019</logicalDatatype>
<dataTypePrecision>3</dataTypePrecision>
<dataTypeScale>2</dataTypeScale>
<ownDataTypeParameters>,3,2</ownDataTypeParameters>
</Attribute>
<Attribute name="sexo" id="EB1403B1-5236-4EE2-A37E-A0AAE4B74267">
<createdBy>rapha</createdBy>
<createdTime>2021-11-15 20:52:31 UTC</createdTime>
<generatorID>2011F672-C731-B502-4CD2-CCCFC802DA48</generatorID>
<ownerDesignName>Atividade_3_7</ownerDesignName>
<engineerTo>
<item key="1A9043C7-A7CE-4AB7-D546-30D4BC5575A0" value="true"/>
</engineerTo>
<useDomainConstraints>false</useDomainConstraints>
<use>1</use>
<logicalDatatype>LOGDT024</logicalDatatype>
<dataTypeSize>20</dataTypeSize>
<ownDataTypeParameters>20,,</ownDataTypeParameters>
</Attribute>
<Attribute name="senha" id="DCE74EB3-932B-24A6-C921-7EA1177C312D">
<createdBy>rapha</createdBy>
<createdTime>2021-11-15 20:52:31 UTC</createdTime>
<generatorID>BA834C7C-7B86-2A27-B30A-C953D1F220A9</generatorID>
<ownerDesignName>Atividade_3_7</ownerDesignName>
<engineerTo>
<item key="1A9043C7-A7CE-4AB7-D546-30D4BC5575A0" value="true"/>
</engineerTo>
<useDomainConstraints>false</useDomainConstraints>
<use>1</use>
<logicalDatatype>LOGDT024</logicalDatatype>
<dataTypeSize>12</dataTypeSize>
<ownDataTypeParameters>12,,</ownDataTypeParameters>
</Attribute>
<Attribute name="end_rua" id="D2EA177E-4A09-52E8-8DA3-C2404BAB6543">
<createdBy>rapha</createdBy>
<createdTime>2021-11-15 20:52:31 UTC</createdTime>
<generatorID>251824C2-BF6E-8ADC-834D-D19CC4B2F026</generatorID>
<ownerDesignName>Atividade_3_7</ownerDesignName>
<engineerTo>
<item key="1A9043C7-A7CE-4AB7-D546-30D4BC5575A0" value="true"/>
</engineerTo>
<useDomainConstraints>false</useDomainConstraints>
<use>1</use>
<logicalDatatype>LOGDT024</logicalDatatype>
<dataTypeSize>50</dataTypeSize>
<ownDataTypeParameters>50,,</ownDataTypeParameters>
</Attribute>
<Attribute name="end_nm" id="14D44830-49D1-229E-3EBD-4E927BABCA84">
<createdBy>rapha</createdBy>
<createdTime>2021-11-15 21:02:38 UTC</createdTime>
<ownerDesignName>Atividade_3_7</ownerDesignName>
<engineerTo>
<item key="1A9043C7-A7CE-4AB7-D546-30D4BC5575A0" value="true"/>
</engineerTo>
<nullsAllowed>true</nullsAllowed>
<useDomainConstraints>false</useDomainConstraints>
<use>1</use>
<logicalDatatype>LOGDT019</logicalDatatype>
<dataTypePrecision>5</dataTypePrecision>
<ownDataTypeParameters>,5,</ownDataTypeParameters>
</Attribute>
<Attribute name="end_comp" id="0882944B-0072-9A8B-1BE9-7A1806F7C451">
<createdBy>rapha</createdBy>
<createdTime>2021-11-15 21:02:57 UTC</createdTime>
<ownerDesignName>Atividade_3_7</ownerDesignName>
<engineerTo>
<item key="1A9043C7-A7CE-4AB7-D546-30D4BC5575A0" value="true"/>
</engineerTo>
<nullsAllowed>true</nullsAllowed>
<useDomainConstraints>false</useDomainConstraints>
<use>1</use>
<logicalDatatype>LOGDT024</logicalDatatype>
<dataTypeSize>30</dataTypeSize>
<ownDataTypeParameters>30,,</ownDataTypeParameters>
</Attribute>
<Attribute name="cidade" id="F35632ED-2D2A-3DE8-1802-A7451AA781C8">
<createdBy>rapha</createdBy>
<createdTime>2021-11-15 20:52:31 UTC</createdTime>
<generatorID>03611B24-672F-562E-0119-E9293977CC5B</generatorID>
<ownerDesignName>Atividade_3_7</ownerDesignName>
<engineerTo>
<item key="1A9043C7-A7CE-4AB7-D546-30D4BC5575A0" value="true"/>
</engineerTo>
<useDomainConstraints>false</useDomainConstraints>
<use>1</use>
<logicalDatatype>LOGDT024</logicalDatatype>
<dataTypeSize>50</dataTypeSize>
<ownDataTypeParameters>50,,</ownDataTypeParameters>
</Attribute>
<Attribute name="estado" id="C0012C88-0AAA-0F97-C594-4EDDC031CC5F">
<createdBy>rapha</createdBy>
<createdTime>2021-11-15 20:52:31 UTC</createdTime>
<generatorID>A8E60E60-4EBE-A0D2-0337-6877AAE22BED</generatorID>
<ownerDesignName>Atividade_3_7</ownerDesignName>
<engineerTo>
<item key="1A9043C7-A7CE-4AB7-D546-30D4BC5575A0" value="true"/>
</engineerTo>
<useDomainConstraints>false</useDomainConstraints>
<use>1</use>
<logicalDatatype>LOGDT024</logicalDatatype>
<dataTypeSize>2</dataTypeSize>
<ownDataTypeParameters>2,,</ownDataTypeParameters>
</Attribute>
<Attribute name="pais" id="FAEB524A-49A0-CAA8-F634-30B5D38F23D0">
<createdBy>rapha</createdBy>
<createdTime>2021-11-15 20:52:31 UTC</createdTime>
<generatorID>14526E9F-8326-E3CD-DB95-4B6A591007DA</generatorID>
<ownerDesignName>Atividade_3_7</ownerDesignName>
<engineerTo>
<item key="1A9043C7-A7CE-4AB7-D546-30D4BC5575A0" value="true"/>
</engineerTo>
<useDomainConstraints>false</useDomainConstraints>
<use>1</use>
<logicalDatatype>LOGDT024</logicalDatatype>
<dataTypeSize>20</dataTypeSize>
<ownDataTypeParameters>20,,</ownDataTypeParameters>
</Attribute>
<Attribute name="cep" id="DDC55273-8089-44CE-0F52-B41BC2A559CC">
<createdBy>rapha</createdBy>
<createdTime>2021-11-15 20:52:31 UTC</createdTime>
<generatorID>F0A729A1-AA66-9909-57C8-523C58687255</generatorID>
<ownerDesignName>Atividade_3_7</ownerDesignName>
<engineerTo>
<item key="1A9043C7-A7CE-4AB7-D546-30D4BC5575A0" value="true"/>
</engineerTo>
<useDomainConstraints>false</useDomainConstraints>
<use>1</use>
<logicalDatatype>LOGDT019</logicalDatatype>
<dataTypePrecision>9</dataTypePrecision>
<ownDataTypeParameters>,9,</ownDataTypeParameters>
</Attribute>
<Attribute name="email" id="A7682BB1-5503-D777-25D3-FC6BFC8B46AE">
<createdBy>rapha</createdBy>
<createdTime>2021-11-15 20:52:31 UTC</createdTime>
<generatorID>5ADBAEAC-334F-D9DA-7109-353700EA8302</generatorID>
<ownerDesignName>Atividade_3_7</ownerDesignName>
<engineerTo>
<item key="1A9043C7-A7CE-4AB7-D546-30D4BC5575A0" value="true"/>
</engineerTo>
<useDomainConstraints>false</useDomainConstraints>
<use>1</use>
<logicalDatatype>LOGDT024</logicalDatatype>
<dataTypeSize>50</dataTypeSize>
<ownDataTypeParameters>50,,</ownDataTypeParameters>
</Attribute>
</attributes>
<identifiers itemClass="oracle.dbtools.crest.model.design.logical.CandidateKey">
<identifier id="0A720995-473F-27A7-BC46-E5B23CBA6F7D" name="TB USUARIO PK">
<createdBy>rapha</createdBy>
<createdTime>2021-11-15 20:52:31 UTC</createdTime>
<generatorID>89394623-6E96-4A1E-3032-29D76543C4FC</generatorID>
<ownerDesignName>Atividade_3_7</ownerDesignName>
<engineerTo>
<item key="1A9043C7-A7CE-4AB7-D546-30D4BC5575A0" value="true"/>
</engineerTo>
<pk>true</pk>
<usedAttributes>
<attributeRef>37C9F797-EAA8-3624-5AE8-D9DD6F7CB0B4</attributeRef>
</usedAttributes>
</identifier>
</identifiers>
</Entity>