<?xml version = '1.0' encoding = 'UTF-8'?>
<Entity class="oracle.dbtools.crest.model.design.logical.Entity" directorySegmentName="seg_0" id="1D19BFB6-FC00-5AFE-1E5C-3557AD6436E1" name="TB LOGRADOURO">
<createdBy>rapha</createdBy>
<createdTime>2021-11-12 20:46:41 UTC</createdTime>
<ownerDesignName>1</ownerDesignName>
<engineerTo>
<item key="E12BE75F-9658-AAA6-10B0-98627F51EB40" value="true"/>
</engineerTo>
<adequatelyNormalized>NO</adequatelyNormalized>
<expectedVolumes>0</expectedVolumes>
<fwdEngineeringStrategyName>Single Table</fwdEngineeringStrategyName>
<growthPercent>0</growthPercent>
<growthType>Year</growthType>
<maxVolumes>9999999</maxVolumes>
<minVolumes>0</minVolumes>
<normalForm>Third</normalForm>
<attributes itemClass="oracle.dbtools.crest.model.design.logical.Attribute">
<Attribute name="RUA" id="2265B380-E0B0-695E-8B48-5AE96793E059">
<createdBy>rapha</createdBy>
<createdTime>2021-11-12 20:46:56 UTC</createdTime>
<ownerDesignName>1</ownerDesignName>
<engineerTo>
<item key="E12BE75F-9658-AAA6-10B0-98627F51EB40" value="true"/>
</engineerTo>
<nullsAllowed>true</nullsAllowed>
<useDomainConstraints>false</useDomainConstraints>
<use>1</use>
<logicalDatatype>LOGDT024</logicalDatatype>
<dataTypeSize>100</dataTypeSize>
<ownDataTypeParameters>100,,</ownDataTypeParameters>
</Attribute>
<Attribute name="CEP" id="33909934-D7B7-C851-500A-BFC758A0CE95">
<createdBy>rapha</createdBy>
<createdTime>2021-11-12 20:47:15 UTC</createdTime>
<ownerDesignName>1</ownerDesignName>
<engineerTo>
<item key="E12BE75F-9658-AAA6-10B0-98627F51EB40" value="true"/>
</engineerTo>
<nullsAllowed>true</nullsAllowed>
<useDomainConstraints>false</useDomainConstraints>
<use>1</use>
<logicalDatatype>LOGDT019</logicalDatatype>
<dataTypePrecision>8</dataTypePrecision>
<ownDataTypeParameters>,8,</ownDataTypeParameters>
</Attribute>
<Attribute name="ID LOGRADOURO" id="AF4FDDD8-4072-616B-ADD3-2FFA3BCC5F9D">
<createdBy>rapha</createdBy>
<createdTime>2021-11-12 21:52:48 UTC</createdTime>
<ownerDesignName>1</ownerDesignName>
<engineerTo>
<item key="E12BE75F-9658-AAA6-10B0-98627F51EB40" value="true"/>
</engineerTo>
<useDomainConstraints>false</useDomainConstraints>
<use>1</use>
<logicalDatatype>LOGDT019</logicalDatatype>
<ownDataTypeParameters>,,</ownDataTypeParameters>
</Attribute>
<Attribute name="ID BAIRRO" id="7927E0D2-BEF5-F517-1BFD-D032DE45EB21">
<createdBy>rapha</createdBy>
<createdTime>2021-11-12 22:25:10 UTC</createdTime>
<generatorID>B33653D8-3709-B957-0DAB-BF532582E4C4</generatorID>
<ownerDesignName>1</ownerDesignName>
<engineerTo>
<item key="E12BE75F-9658-AAA6-10B0-98627F51EB40" value="true"/>
</engineerTo>
<referedAttribute>02A9E76D-2267-D141-5014-F0C8E18991AE</referedAttribute>
<useDomainConstraints>false</useDomainConstraints>
<use>1</use>
<logicalDatatype>LOGDT019</logicalDatatype>
<ownDataTypeParameters>,,</ownDataTypeParameters>
</Attribute>
<Attribute name="ID ESTADO" id="483B2E5F-703B-1D38-DBEE-AE1A0207E58F">
<createdBy>rapha</createdBy>
<createdTime>2021-11-12 22:25:27 UTC</createdTime>
<generatorID>F40B33C8-A419-DF37-32B3-3B0BBF60253E</generatorID>
<ownerDesignName>1</ownerDesignName>
<engineerTo>
<item key="E12BE75F-9658-AAA6-10B0-98627F51EB40" value="true"/>
</engineerTo>
<referedAttribute>7BB88308-4B91-BE01-2C58-08863BED3CE4</referedAttribute>
<useDomainConstraints>false</useDomainConstraints>
<use>1</use>
<logicalDatatype>LOGDT019</logicalDatatype>
<ownDataTypeParameters>,,</ownDataTypeParameters>
</Attribute>
<Attribute name="ID PAIS" id="0E55DEC8-6D82-6E03-D511-976DEEE317EF">
<createdBy>rapha</createdBy>
<createdTime>2021-11-12 22:25:34 UTC</createdTime>
<generatorID>C1CC8D9F-9778-DED7-066E-040FDAA29290</generatorID>
<ownerDesignName>1</ownerDesignName>
<engineerTo>
<item key="E12BE75F-9658-AAA6-10B0-98627F51EB40" value="true"/>
</engineerTo>
<referedAttribute>7D6963DF-C8AB-999E-EB96-50EDF742EF3B</referedAttribute>
<useDomainConstraints>false</useDomainConstraints>
<use>1</use>
<logicalDatatype>LOGDT019</logicalDatatype>
<ownDataTypeParameters>,,</ownDataTypeParameters>
</Attribute>
<Attribute name="ID CIDADE" id="A5041BFC-3138-6593-0EAB-1D49A47D5705">
<createdBy>rapha</createdBy>
<createdTime>2021-11-12 22:25:39 UTC</createdTime>
<generatorID>1524426C-1E2F-8681-C08C-D0E9751C11BA</generatorID>
<ownerDesignName>1</ownerDesignName>
<engineerTo>
<item key="E12BE75F-9658-AAA6-10B0-98627F51EB40" value="true"/>
</engineerTo>
<referedAttribute>0CCBC292-E26C-AA1A-F294-05BFDA7DE45D</referedAttribute>
<useDomainConstraints>false</useDomainConstraints>
<use>1</use>
<logicalDatatype>LOGDT019</logicalDatatype>
<ownDataTypeParameters>,,</ownDataTypeParameters>
</Attribute>
</attributes>
<identifiers itemClass="oracle.dbtools.crest.model.design.logical.CandidateKey">
<identifier id="F9764D0C-CB69-2968-4A29-544827E052C3" name="TB_LOGRADOURO_ID_LOGRADOURO_UN">
<createdBy>rapha</createdBy>
<createdTime>2021-11-12 21:52:58 UTC</createdTime>
<ownerDesignName>1</ownerDesignName>
<engineerTo>
<item key="E12BE75F-9658-AAA6-10B0-98627F51EB40" value="true"/>
</engineerTo>
<pk>true</pk>
<usedAttributes>
<attributeRef>AF4FDDD8-4072-616B-ADD3-2FFA3BCC5F9D</attributeRef>
</usedAttributes>
</identifier>
</identifiers>
</Entity>