<?xml version = '1.0' encoding = 'UTF-8'?>
<Entity class="oracle.dbtools.crest.model.design.logical.Entity" directorySegmentName="seg_0" id="34C4ED14-F1E0-90A0-B70D-35B5DFF12253" name="TB ENDERECOS">
<createdBy>rapha</createdBy>
<createdTime>2021-11-12 21:58:25 UTC</createdTime>
<ownerDesignName>1</ownerDesignName>
<engineerTo>
<item key="E12BE75F-9658-AAA6-10B0-98627F51EB40" value="true"/>
</engineerTo>
<adequatelyNormalized>NO</adequatelyNormalized>
<expectedVolumes>0</expectedVolumes>
<fwdEngineeringStrategyName>Single Table</fwdEngineeringStrategyName>
<growthPercent>0</growthPercent>
<growthType>Year</growthType>
<maxVolumes>9999999</maxVolumes>
<minVolumes>0</minVolumes>
<normalForm>Third</normalForm>
<attributes itemClass="oracle.dbtools.crest.model.design.logical.Attribute">
<Attribute name="ID TP END" id="6C646949-94C6-0B3D-821A-C3496B377D7F">
<createdBy>rapha</createdBy>
<createdTime>2021-11-12 22:02:14 UTC</createdTime>
<generatorID>4A0EB69D-A1EA-BFF5-0945-386FE649E046</generatorID>
<ownerDesignName>1</ownerDesignName>
<engineerTo>
<item key="E12BE75F-9658-AAA6-10B0-98627F51EB40" value="true"/>
</engineerTo>
<referedAttribute>12F6FFDE-3755-3618-E484-CC7077DF8A5F</referedAttribute>
<useDomainConstraints>false</useDomainConstraints>
<use>1</use>
<logicalDatatype>LOGDT019</logicalDatatype>
<ownDataTypeParameters>,,</ownDataTypeParameters>
</Attribute>
<Attribute name="ID LOGRADOURO" id="A2B139E5-5581-2C10-C6C7-95DA7FB7DDC2">
<createdBy>rapha</createdBy>
<createdTime>2021-11-12 22:02:30 UTC</createdTime>
<generatorID>7C4DF70B-A4D5-9A77-DE91-E599414D5B35</generatorID>
<ownerDesignName>1</ownerDesignName>
<engineerTo>
<item key="E12BE75F-9658-AAA6-10B0-98627F51EB40" value="true"/>
</engineerTo>
<referedAttribute>AF4FDDD8-4072-616B-ADD3-2FFA3BCC5F9D</referedAttribute>
<useDomainConstraints>false</useDomainConstraints>
<use>1</use>
<logicalDatatype>LOGDT019</logicalDatatype>
<ownDataTypeParameters>,,</ownDataTypeParameters>
</Attribute>
<Attribute name="COD USUARIO" id="35BB38A4-D1D6-7607-5D33-5B2BF421A599">
<createdBy>rapha</createdBy>
<createdTime>2021-11-12 23:26:33 UTC</createdTime>
<generatorID>6E86C614-A657-2938-F4A4-9A5B8417A75A</generatorID>
<ownerDesignName>1</ownerDesignName>
<engineerTo>
<item key="E12BE75F-9658-AAA6-10B0-98627F51EB40" value="true"/>
</engineerTo>
<referedAttribute>046DF9CB-23DF-CC55-E9B6-2D968D14DDB6</referedAttribute>
<useDomainConstraints>false</useDomainConstraints>
<use>1</use>
<logicalDatatype>LOGDT019</logicalDatatype>
<dataTypePrecision>1000</dataTypePrecision>
<ownDataTypeParameters>,,</ownDataTypeParameters>
</Attribute>
</attributes>
</Entity>