<?xml version = '1.0' encoding = 'UTF-8'?>
<Entity class="oracle.dbtools.crest.model.design.logical.Entity" directorySegmentName="seg_0" id="6B860508-862D-555F-4EB7-AF7A8D3A4B11" name="TB CIDADE">
<createdBy>rapha</createdBy>
<createdTime>2021-11-12 20:49:31 UTC</createdTime>
<ownerDesignName>1</ownerDesignName>
<engineerTo>
<item key="E12BE75F-9658-AAA6-10B0-98627F51EB40" value="true"/>
</engineerTo>
<adequatelyNormalized>NO</adequatelyNormalized>
<expectedVolumes>0</expectedVolumes>
<fwdEngineeringStrategyName>Single Table</fwdEngineeringStrategyName>
<growthPercent>0</growthPercent>
<growthType>Year</growthType>
<maxVolumes>9999999</maxVolumes>
<minVolumes>0</minVolumes>
<normalForm>Third</normalForm>
<attributes itemClass="oracle.dbtools.crest.model.design.logical.Attribute">
<Attribute name="NOME CIDADE" id="A94B50C4-497B-E2C2-4E35-AFC60C938AAF">
<createdBy>rapha</createdBy>
<createdTime>2021-11-12 20:49:41 UTC</createdTime>
<ownerDesignName>1</ownerDesignName>
<engineerTo>
<item key="E12BE75F-9658-AAA6-10B0-98627F51EB40" value="true"/>
</engineerTo>
<nullsAllowed>true</nullsAllowed>
<useDomainConstraints>false</useDomainConstraints>
<use>1</use>
<logicalDatatype>LOGDT024</logicalDatatype>
<dataTypeSize>50</dataTypeSize>
<ownDataTypeParameters>50,,</ownDataTypeParameters>
</Attribute>
<Attribute name="ID CIDADE" id="0CCBC292-E26C-AA1A-F294-05BFDA7DE45D">
<createdBy>rapha</createdBy>
<createdTime>2021-11-12 21:42:40 UTC</createdTime>
<ownerDesignName>1</ownerDesignName>
<engineerTo>
<item key="E12BE75F-9658-AAA6-10B0-98627F51EB40" value="true"/>
</engineerTo>
<useDomainConstraints>false</useDomainConstraints>
<use>1</use>
<logicalDatatype>LOGDT019</logicalDatatype>
<ownDataTypeParameters>,,</ownDataTypeParameters>
</Attribute>
</attributes>
<identifiers itemClass="oracle.dbtools.crest.model.design.logical.CandidateKey">
<identifier id="2DE08622-0F3B-6D3C-5DF2-6FC8C86D9443" name="TB_CIDADE_PK">
<createdBy>rapha</createdBy>
<createdTime>2021-11-12 21:42:58 UTC</createdTime>
<ownerDesignName>1</ownerDesignName>
<shouldEngineer>false</shouldEngineer>
<engineerTo>
<item key="E12BE75F-9658-AAA6-10B0-98627F51EB40" value="false"/>
</engineerTo>
<pk>true</pk>
<usedAttributes>
<attributeRef>0CCBC292-E26C-AA1A-F294-05BFDA7DE45D</attributeRef>
</usedAttributes>
</identifier>
</identifiers>
</Entity>