<?xml version = '1.0' encoding = 'UTF-8'?>
<Entity class="oracle.dbtools.crest.model.design.logical.Entity" directorySegmentName="seg_0" id="7F833EC8-EF6B-2EC6-3809-FC1AA4B84DE3" name="TB PAIS">
<createdBy>rapha</createdBy>
<createdTime>2021-11-12 20:51:45 UTC</createdTime>
<ownerDesignName>1</ownerDesignName>
<engineerTo>
<item key="E12BE75F-9658-AAA6-10B0-98627F51EB40" value="true"/>
</engineerTo>
<adequatelyNormalized>NO</adequatelyNormalized>
<expectedVolumes>0</expectedVolumes>
<fwdEngineeringStrategyName>Single Table</fwdEngineeringStrategyName>
<growthPercent>0</growthPercent>
<growthType>Year</growthType>
<maxVolumes>9999999</maxVolumes>
<minVolumes>0</minVolumes>
<normalForm>Third</normalForm>
<attributes itemClass="oracle.dbtools.crest.model.design.logical.Attribute">
<Attribute name="NOME PAIS" id="FA25DA74-95E9-37EE-012D-D4D71ED141BD">
<createdBy>rapha</createdBy>
<createdTime>2021-11-12 20:51:55 UTC</createdTime>
<ownerDesignName>1</ownerDesignName>
<engineerTo>
<item key="E12BE75F-9658-AAA6-10B0-98627F51EB40" value="true"/>
</engineerTo>
<nullsAllowed>true</nullsAllowed>
<useDomainConstraints>false</useDomainConstraints>
<use>1</use>
<logicalDatatype>LOGDT024</logicalDatatype>
<dataTypeSize>20</dataTypeSize>
<ownDataTypeParameters>20,,</ownDataTypeParameters>
</Attribute>
<Attribute name="ID PAIS" id="7D6963DF-C8AB-999E-EB96-50EDF742EF3B">
<createdBy>rapha</createdBy>
<createdTime>2021-11-12 21:51:51 UTC</createdTime>
<ownerDesignName>1</ownerDesignName>
<engineerTo>
<item key="E12BE75F-9658-AAA6-10B0-98627F51EB40" value="true"/>
</engineerTo>
<useDomainConstraints>false</useDomainConstraints>
<use>1</use>
<logicalDatatype>LOGDT019</logicalDatatype>
<ownDataTypeParameters>,,</ownDataTypeParameters>
</Attribute>
</attributes>
<identifiers itemClass="oracle.dbtools.crest.model.design.logical.CandidateKey">
<identifier id="FA41F454-2753-ABEC-68D8-0060B91BF1CA" name="TB_PAIS_PK">
<createdBy>rapha</createdBy>
<createdTime>2021-11-12 21:52:04 UTC</createdTime>
<ownerDesignName>1</ownerDesignName>
<shouldEngineer>false</shouldEngineer>
<engineerTo>
<item key="E12BE75F-9658-AAA6-10B0-98627F51EB40" value="false"/>
</engineerTo>
<pk>true</pk>
<usedAttributes>
<attributeRef>7D6963DF-C8AB-999E-EB96-50EDF742EF3B</attributeRef>
</usedAttributes>
</identifier>
</identifiers>
</Entity>