<?xml version = '1.0' encoding = 'UTF-8'?>
<Entity class="oracle.dbtools.crest.model.design.logical.Entity" directorySegmentName="seg_0" id="94355510-FAE7-680D-E91D-C64872660C97" name="TB EMAIL">
<createdBy>rapha</createdBy>
<createdTime>2021-11-12 20:34:21 UTC</createdTime>
<ownerDesignName>1</ownerDesignName>
<engineerTo>
<item key="E12BE75F-9658-AAA6-10B0-98627F51EB40" value="true"/>
</engineerTo>
<adequatelyNormalized>NO</adequatelyNormalized>
<expectedVolumes>0</expectedVolumes>
<fwdEngineeringStrategyName>Single Table</fwdEngineeringStrategyName>
<growthPercent>0</growthPercent>
<growthType>Year</growthType>
<maxVolumes>9999999</maxVolumes>
<minVolumes>0</minVolumes>
<normalForm>Third</normalForm>
<attributes itemClass="oracle.dbtools.crest.model.design.logical.Attribute">
<Attribute name="EMAIL" id="0AFB3748-A6A9-2D6D-DFCA-85F0CE8C3A77">
<createdBy>rapha</createdBy>
<createdTime>2021-11-12 20:34:39 UTC</createdTime>
<ownerDesignName>1</ownerDesignName>
<engineerTo>
<item key="E12BE75F-9658-AAA6-10B0-98627F51EB40" value="true"/>
</engineerTo>
<nullsAllowed>true</nullsAllowed>
<useDomainConstraints>false</useDomainConstraints>
<use>1</use>
<logicalDatatype>LOGDT024</logicalDatatype>
<dataTypeSize>50</dataTypeSize>
<ownDataTypeParameters>50,,</ownDataTypeParameters>
</Attribute>
<Attribute name="COD USUARIO" id="5409EC15-512B-9A18-E0EF-25335341922C">
<createdBy>rapha</createdBy>
<createdTime>2021-11-12 21:18:59 UTC</createdTime>
<generatorID>6CAA2A3A-42B9-E725-28B2-98F3FCA01F39</generatorID>
<ownerDesignName>1</ownerDesignName>
<engineerTo>
<item key="E12BE75F-9658-AAA6-10B0-98627F51EB40" value="true"/>
</engineerTo>
<referedAttribute>046DF9CB-23DF-CC55-E9B6-2D968D14DDB6</referedAttribute>
<useDomainConstraints>false</useDomainConstraints>
<use>1</use>
<logicalDatatype>LOGDT019</logicalDatatype>
<dataTypePrecision>1000</dataTypePrecision>
<ownDataTypeParameters>,,</ownDataTypeParameters>
</Attribute>
<Attribute name="ID_EMAIL" id="236EDC4C-F577-73BE-32C5-3CE8192A4384">
<createdBy>rapha</createdBy>
<createdTime>2021-11-12 23:30:25 UTC</createdTime>
<ownerDesignName>1</ownerDesignName>
<engineerTo>
<item key="E12BE75F-9658-AAA6-10B0-98627F51EB40" value="true"/>
</engineerTo>
<useDomainConstraints>false</useDomainConstraints>
<use>1</use>
<logicalDatatype>LOGDT019</logicalDatatype>
<ownDataTypeParameters>,,</ownDataTypeParameters>
</Attribute>
<Attribute name="ID TIPO EMAIL" id="541FB528-51AE-E216-56A1-26695D68A401">
<createdBy>rapha</createdBy>
<createdTime>2021-11-12 23:31:10 UTC</createdTime>
<generatorID>DD34F419-B780-0BCD-FE7A-0E9E4DFFFEAA</generatorID>
<ownerDesignName>1</ownerDesignName>
<engineerTo>
<item key="E12BE75F-9658-AAA6-10B0-98627F51EB40" value="true"/>
</engineerTo>
<referedAttribute>CE8BDB0B-A0E2-786E-5999-2451AC86BCFC</referedAttribute>
<useDomainConstraints>false</useDomainConstraints>
<use>1</use>
<logicalDatatype>LOGDT019</logicalDatatype>
<ownDataTypeParameters>,,</ownDataTypeParameters>
</Attribute>
</attributes>
<identifiers itemClass="oracle.dbtools.crest.model.design.logical.CandidateKey">
<identifier id="F0776CCC-8C44-9C8B-58F3-79F255251DF4" name="TB EMAIL PK">
<createdBy>rapha</createdBy>
<createdTime>2021-11-12 23:28:06 UTC</createdTime>
<ownerDesignName>1</ownerDesignName>
<engineerTo>
<item key="E12BE75F-9658-AAA6-10B0-98627F51EB40" value="true"/>
</engineerTo>
<pk>true</pk>
<usedAttributes>
<attributeRef>236EDC4C-F577-73BE-32C5-3CE8192A4384</attributeRef>
</usedAttributes>
</identifier>
</identifiers>
</Entity>