<?xml version = '1.0' encoding = 'UTF-8'?>
<Entity class="oracle.dbtools.crest.model.design.logical.Entity" directorySegmentName="seg_0" id="9C2ADF56-3E78-17D4-6EB7-393D57345205" name="TB ESTADO">
<createdBy>rapha</createdBy>
<createdTime>2021-11-12 20:50:56 UTC</createdTime>
<ownerDesignName>1</ownerDesignName>
<engineerTo>
<item key="E12BE75F-9658-AAA6-10B0-98627F51EB40" value="true"/>
</engineerTo>
<adequatelyNormalized>NO</adequatelyNormalized>
<expectedVolumes>0</expectedVolumes>
<fwdEngineeringStrategyName>Single Table</fwdEngineeringStrategyName>
<growthPercent>0</growthPercent>
<growthType>Year</growthType>
<maxVolumes>9999999</maxVolumes>
<minVolumes>0</minVolumes>
<normalForm>Third</normalForm>
<attributes itemClass="oracle.dbtools.crest.model.design.logical.Attribute">
<Attribute name="NOME ESTADO" id="D18965D9-3A0D-441C-ABE4-CD7ED5936FCF">
<createdBy>rapha</createdBy>
<createdTime>2021-11-12 20:51:04 UTC</createdTime>
<ownerDesignName>1</ownerDesignName>
<engineerTo>
<item key="E12BE75F-9658-AAA6-10B0-98627F51EB40" value="true"/>
</engineerTo>
<nullsAllowed>true</nullsAllowed>
<useDomainConstraints>false</useDomainConstraints>
<use>1</use>
<logicalDatatype>LOGDT024</logicalDatatype>
<dataTypeSize>20</dataTypeSize>
<ownDataTypeParameters>20,,</ownDataTypeParameters>
</Attribute>
<Attribute name="ID ESTADO" id="7BB88308-4B91-BE01-2C58-08863BED3CE4">
<createdBy>rapha</createdBy>
<createdTime>2021-11-12 21:51:17 UTC</createdTime>
<ownerDesignName>1</ownerDesignName>
<engineerTo>
<item key="E12BE75F-9658-AAA6-10B0-98627F51EB40" value="true"/>
</engineerTo>
<useDomainConstraints>false</useDomainConstraints>
<use>1</use>
<logicalDatatype>LOGDT019</logicalDatatype>
<ownDataTypeParameters>,,</ownDataTypeParameters>
</Attribute>
</attributes>
<identifiers itemClass="oracle.dbtools.crest.model.design.logical.CandidateKey">
<identifier id="9C5AEFC7-37D1-974E-3630-21D5D725A3D5" name="TB_ESTADO_PK">
<createdBy>rapha</createdBy>
<createdTime>2021-11-12 21:51:34 UTC</createdTime>
<ownerDesignName>1</ownerDesignName>
<shouldEngineer>false</shouldEngineer>
<engineerTo>
<item key="E12BE75F-9658-AAA6-10B0-98627F51EB40" value="false"/>
</engineerTo>
<pk>true</pk>
<usedAttributes>
<attributeRef>7BB88308-4B91-BE01-2C58-08863BED3CE4</attributeRef>
</usedAttributes>
</identifier>
</identifiers>
</Entity>