<?xml version = '1.0' encoding = 'UTF-8'?>
<Entity class="oracle.dbtools.crest.model.design.logical.Entity" directorySegmentName="seg_0" id="A70196F5-E274-29D2-91C1-AB9B4D59773E" name="TB TELEFONE">
<createdBy>rapha</createdBy>
<createdTime>2021-11-12 20:24:39 UTC</createdTime>
<ownerDesignName>1</ownerDesignName>
<engineerTo>
<item key="E12BE75F-9658-AAA6-10B0-98627F51EB40" value="true"/>
</engineerTo>
<adequatelyNormalized>NO</adequatelyNormalized>
<expectedVolumes>0</expectedVolumes>
<fwdEngineeringStrategyName>Single Table</fwdEngineeringStrategyName>
<growthPercent>0</growthPercent>
<growthType>Year</growthType>
<maxVolumes>9999999</maxVolumes>
<minVolumes>0</minVolumes>
<normalForm>Third</normalForm>
<attributes itemClass="oracle.dbtools.crest.model.design.logical.Attribute">
<Attribute name="TEL NUMERO" id="0BB010AE-5DA0-3869-DCA8-EAFDDFEFCD1C">
<createdBy>rapha</createdBy>
<createdTime>2021-11-12 20:24:52 UTC</createdTime>
<ownerDesignName>1</ownerDesignName>
<engineerTo>
<item key="E12BE75F-9658-AAA6-10B0-98627F51EB40" value="true"/>
</engineerTo>
<useDomainConstraints>false</useDomainConstraints>
<use>1</use>
<logicalDatatype>LOGDT019</logicalDatatype>
<dataTypePrecision>9</dataTypePrecision>
<ownDataTypeParameters>,9,</ownDataTypeParameters>
</Attribute>
<Attribute name="DDD" id="51BD6429-14F9-59D2-DD0F-85BB34D96003">
<createdBy>rapha</createdBy>
<createdTime>2021-11-12 22:05:07 UTC</createdTime>
<ownerDesignName>1</ownerDesignName>
<engineerTo>
<item key="E12BE75F-9658-AAA6-10B0-98627F51EB40" value="true"/>
</engineerTo>
<nullsAllowed>true</nullsAllowed>
<useDomainConstraints>false</useDomainConstraints>
<use>1</use>
<logicalDatatype>LOGDT019</logicalDatatype>
<dataTypePrecision>2</dataTypePrecision>
<ownDataTypeParameters>,2,</ownDataTypeParameters>
</Attribute>
<Attribute name="ID TELEFONE" id="88114445-1B3B-35BA-9729-5212504BC555">
<createdBy>rapha</createdBy>
<createdTime>2021-11-12 22:21:29 UTC</createdTime>
<generatorID>284335E3-5176-CBD7-5527-2B0CF84CD237</generatorID>
<ownerDesignName>1</ownerDesignName>
<engineerTo>
<item key="E12BE75F-9658-AAA6-10B0-98627F51EB40" value="true"/>
</engineerTo>
<useDomainConstraints>false</useDomainConstraints>
<use>1</use>
<logicalDatatype>LOGDT019</logicalDatatype>
<ownDataTypeParameters>,,</ownDataTypeParameters>
</Attribute>
<Attribute name="ID TP TEL" id="91A687C2-295A-8B77-F0B5-1615265EBA86">
<createdBy>rapha</createdBy>
<createdTime>2021-11-12 22:22:39 UTC</createdTime>
<generatorID>DA90342A-40EF-4224-621E-1EDA0946A68E</generatorID>
<ownerDesignName>1</ownerDesignName>
<engineerTo>
<item key="E12BE75F-9658-AAA6-10B0-98627F51EB40" value="true"/>
</engineerTo>
<referedAttribute>36ACEA6E-E691-81A5-023A-B6EAB89987D2</referedAttribute>
<useDomainConstraints>false</useDomainConstraints>
<use>1</use>
<logicalDatatype>LOGDT019</logicalDatatype>
<ownDataTypeParameters>,,</ownDataTypeParameters>
</Attribute>
<Attribute name="COD USUARIO" id="479C0E71-97D9-B043-BD46-158F486ED999">
<createdBy>rapha</createdBy>
<createdTime>2021-11-12 22:24:00 UTC</createdTime>
<generatorID>4F57C6BC-0427-605A-58FD-027FB3FAE68E</generatorID>
<ownerDesignName>1</ownerDesignName>
<engineerTo>
<item key="E12BE75F-9658-AAA6-10B0-98627F51EB40" value="true"/>
</engineerTo>
<referedAttribute>046DF9CB-23DF-CC55-E9B6-2D968D14DDB6</referedAttribute>
<useDomainConstraints>false</useDomainConstraints>
<use>1</use>
<logicalDatatype>LOGDT019</logicalDatatype>
<dataTypePrecision>1000</dataTypePrecision>
<ownDataTypeParameters>,,</ownDataTypeParameters>
</Attribute>
</attributes>
<identifiers itemClass="oracle.dbtools.crest.model.design.logical.CandidateKey">
<identifier id="9D26B711-5055-1B40-E9E6-7F450719DC9F" name="TB_TELEFONE_PK">
<createdBy>rapha</createdBy>
<createdTime>2021-11-12 20:25:46 UTC</createdTime>
<ownerDesignName>1</ownerDesignName>
<shouldEngineer>false</shouldEngineer>
<engineerTo>
<item key="E12BE75F-9658-AAA6-10B0-98627F51EB40" value="false"/>
</engineerTo>
<pk>true</pk>
<usedAttributes>
<attributeRef>88114445-1B3B-35BA-9729-5212504BC555</attributeRef>
</usedAttributes>
</identifier>
</identifiers>
</Entity>