<?xml version = '1.0' encoding = 'UTF-8'?>
<Entity class="oracle.dbtools.crest.model.design.logical.Entity" directorySegmentName="seg_0" id="F136F235-B8DF-7940-2726-8D34CD6365E3" name="TB TP END">
<createdBy>rapha</createdBy>
<createdTime>2021-11-12 21:59:43 UTC</createdTime>
<ownerDesignName>1</ownerDesignName>
<engineerTo>
<item key="E12BE75F-9658-AAA6-10B0-98627F51EB40" value="true"/>
</engineerTo>
<adequatelyNormalized>NO</adequatelyNormalized>
<expectedVolumes>0</expectedVolumes>
<fwdEngineeringStrategyName>Single Table</fwdEngineeringStrategyName>
<growthPercent>0</growthPercent>
<growthType>Year</growthType>
<maxVolumes>9999999</maxVolumes>
<minVolumes>0</minVolumes>
<normalForm>Third</normalForm>
<attributes itemClass="oracle.dbtools.crest.model.design.logical.Attribute">
<Attribute name="ID TP END" id="12F6FFDE-3755-3618-E484-CC7077DF8A5F">
<createdBy>rapha</createdBy>
<createdTime>2021-11-12 22:00:05 UTC</createdTime>
<ownerDesignName>1</ownerDesignName>
<engineerTo>
<item key="E12BE75F-9658-AAA6-10B0-98627F51EB40" value="true"/>
</engineerTo>
<useDomainConstraints>false</useDomainConstraints>
<use>1</use>
<logicalDatatype>LOGDT019</logicalDatatype>
<ownDataTypeParameters>,,</ownDataTypeParameters>
</Attribute>
<Attribute name="DESC TP END" id="D579797B-0A74-5FBF-9375-0CAF35F3BD55">
<createdBy>rapha</createdBy>
<createdTime>2021-11-12 22:00:17 UTC</createdTime>
<ownerDesignName>1</ownerDesignName>
<engineerTo>
<item key="E12BE75F-9658-AAA6-10B0-98627F51EB40" value="true"/>
</engineerTo>
<nullsAllowed>true</nullsAllowed>
<useDomainConstraints>false</useDomainConstraints>
<use>1</use>
<logicalDatatype>LOGDT024</logicalDatatype>
<dataTypeSize>50</dataTypeSize>
<ownDataTypeParameters>50,,</ownDataTypeParameters>
</Attribute>
</attributes>
<identifiers itemClass="oracle.dbtools.crest.model.design.logical.CandidateKey">
<identifier id="8107CDF0-9F8E-68FD-3342-51B2F23201CA" name="TB_TIPO_ENDERECO_PK">
<createdBy>rapha</createdBy>
<createdTime>2021-11-12 22:00:16 UTC</createdTime>
<ownerDesignName>1</ownerDesignName>
<shouldEngineer>false</shouldEngineer>
<engineerTo>
<item key="E12BE75F-9658-AAA6-10B0-98627F51EB40" value="false"/>
</engineerTo>
<pk>true</pk>
<usedAttributes>
<attributeRef>12F6FFDE-3755-3618-E484-CC7077DF8A5F</attributeRef>
</usedAttributes>
</identifier>
</identifiers>
</Entity>