<?xml version = '1.0' encoding = 'UTF-8'?>
<Entity class="oracle.dbtools.crest.model.design.logical.Entity" directorySegmentName="seg_0" id="F5AC0EE6-AB0E-3F6B-E5D0-5172B08A9F31" name="TB TIPO EMAIL">
<createdBy>rapha</createdBy>
<createdTime>2021-11-12 22:07:44 UTC</createdTime>
<ownerDesignName>1</ownerDesignName>
<engineerTo>
<item key="E12BE75F-9658-AAA6-10B0-98627F51EB40" value="true"/>
</engineerTo>
<adequatelyNormalized>NO</adequatelyNormalized>
<expectedVolumes>0</expectedVolumes>
<fwdEngineeringStrategyName>Single Table</fwdEngineeringStrategyName>
<growthPercent>0</growthPercent>
<growthType>Year</growthType>
<maxVolumes>9999999</maxVolumes>
<minVolumes>0</minVolumes>
<normalForm>Third</normalForm>
<attributes itemClass="oracle.dbtools.crest.model.design.logical.Attribute">
<Attribute name="ID TIPO EMAIL" id="CE8BDB0B-A0E2-786E-5999-2451AC86BCFC">
<createdBy>rapha</createdBy>
<createdTime>2021-11-12 22:07:56 UTC</createdTime>
<ownerDesignName>1</ownerDesignName>
<engineerTo>
<item key="E12BE75F-9658-AAA6-10B0-98627F51EB40" value="true"/>
</engineerTo>
<useDomainConstraints>false</useDomainConstraints>
<use>1</use>
<logicalDatatype>LOGDT019</logicalDatatype>
<ownDataTypeParameters>,,</ownDataTypeParameters>
</Attribute>
<Attribute name="DESC TIPO EMAIL" id="2266453B-43CF-E3D3-58BC-89A1AFAF7C75">
<createdBy>rapha</createdBy>
<createdTime>2021-11-12 22:08:11 UTC</createdTime>
<ownerDesignName>1</ownerDesignName>
<engineerTo>
<item key="E12BE75F-9658-AAA6-10B0-98627F51EB40" value="true"/>
</engineerTo>
<useDomainConstraints>false</useDomainConstraints>
<use>1</use>
<logicalDatatype>LOGDT024</logicalDatatype>
<dataTypeSize>50</dataTypeSize>
<ownDataTypeParameters>50,,</ownDataTypeParameters>
</Attribute>
</attributes>
<identifiers itemClass="oracle.dbtools.crest.model.design.logical.CandidateKey">
<identifier id="B97A2C6B-A2D9-48F8-A763-1EBF0982CB38" name="TB_TIPO_EMAIL_PK">
<createdBy>rapha</createdBy>
<createdTime>2021-11-12 22:08:07 UTC</createdTime>
<ownerDesignName>1</ownerDesignName>
<shouldEngineer>false</shouldEngineer>
<engineerTo>
<item key="E12BE75F-9658-AAA6-10B0-98627F51EB40" value="false"/>
</engineerTo>
<pk>true</pk>
<usedAttributes>
<attributeRef>CE8BDB0B-A0E2-786E-5999-2451AC86BCFC</attributeRef>
</usedAttributes>
</identifier>
</identifiers>
</Entity>