<?xml version = '1.0' encoding = 'UTF-8'?>
<Relation class="oracle.dbtools.crest.model.design.logical.Relation" name="Relation_41" directorySegmentName="seg_0" id="1524426C-1E2F-8681-C08C-D0E9751C11BA">
<createdBy>rapha</createdBy>
<createdTime>2021-11-12 22:25:39 UTC</createdTime>
<ownerDesignName>1</ownerDesignName>
<engineerTo>
<item key="E12BE75F-9658-AAA6-10B0-98627F51EB40" value="true"/>
</engineerTo>
<sourcePk>2DE08622-0F3B-6D3C-5DF2-6FC8C86D9443</sourcePk>
<identifying>false</identifying>
<optionalSource>true</optionalSource>
<optionalTarget>false</optionalTarget>
<sourceCardinality>1</sourceCardinality>
<sourceEntity>6B860508-862D-555F-4EB7-AF7A8D3A4B11</sourceEntity>
<targetCardinalityString>*</targetCardinalityString>
<targetEntity>1D19BFB6-FC00-5AFE-1E5C-3557AD6436E1</targetEntity>
<transferable>true</transferable>
<deleteRule>NO ACTION</deleteRule>
</Relation>