<?xml version = '1.0' encoding = 'UTF-8'?>
<Relation class="oracle.dbtools.crest.model.design.logical.Relation" name="TB ENDERECOS TB TIPO ENDERECO FK" directorySegmentName="seg_0" id="4A0EB69D-A1EA-BFF5-0945-386FE649E046">
<createdBy>rapha</createdBy>
<createdTime>2021-11-12 22:02:14 UTC</createdTime>
<ownerDesignName>1</ownerDesignName>
<engineerTo>
<item key="E12BE75F-9658-AAA6-10B0-98627F51EB40" value="true"/>
</engineerTo>
<sourcePk>8107CDF0-9F8E-68FD-3342-51B2F23201CA</sourcePk>
<identifying>false</identifying>
<optionalSource>true</optionalSource>
<optionalTarget>false</optionalTarget>
<sourceCardinality>1</sourceCardinality>
<sourceEntity>F136F235-B8DF-7940-2726-8D34CD6365E3</sourceEntity>
<targetCardinalityString>*</targetCardinalityString>
<targetEntity>34C4ED14-F1E0-90A0-B70D-35B5DFF12253</targetEntity>
<transferable>true</transferable>
<deleteRule>NO ACTION</deleteRule>
</Relation>