<?xml version = '1.0' encoding = 'UTF-8'?>
<Relation class="oracle.dbtools.crest.model.design.logical.Relation" name="Relation_37" directorySegmentName="seg_0" id="4F57C6BC-0427-605A-58FD-027FB3FAE68E">
<createdBy>rapha</createdBy>
<createdTime>2021-11-12 22:24:00 UTC</createdTime>
<ownerDesignName>1</ownerDesignName>
<engineerTo>
<item key="E12BE75F-9658-AAA6-10B0-98627F51EB40" value="true"/>
</engineerTo>
<sourcePk>B85F02A5-18D7-0633-E974-674B97BB909C</sourcePk>
<identifying>false</identifying>
<optionalSource>true</optionalSource>
<optionalTarget>false</optionalTarget>
<sourceCardinality>1</sourceCardinality>
<sourceEntity>35B3ACB0-8E29-DD23-F450-BB2B46ABE86B</sourceEntity>
<targetCardinalityString>*</targetCardinalityString>
<targetEntity>A70196F5-E274-29D2-91C1-AB9B4D59773E</targetEntity>
<transferable>true</transferable>
<deleteRule>NO ACTION</deleteRule>
</Relation>