<?xml version = '1.0' encoding = 'UTF-8'?>
<Relation class="oracle.dbtools.crest.model.design.logical.Relation" name="TB EMAIL TB USUARIO FK" directorySegmentName="seg_0" id="6CAA2A3A-42B9-E725-28B2-98F3FCA01F39">
<createdBy>rapha</createdBy>
<createdTime>2021-11-12 21:18:59 UTC</createdTime>
<ownerDesignName>1</ownerDesignName>
<engineerTo>
<item key="E12BE75F-9658-AAA6-10B0-98627F51EB40" value="true"/>
</engineerTo>
<sourcePk>B85F02A5-18D7-0633-E974-674B97BB909C</sourcePk>
<identifying>false</identifying>
<optionalSource>true</optionalSource>
<optionalTarget>false</optionalTarget>
<sourceCardinality>1</sourceCardinality>
<sourceEntity>35B3ACB0-8E29-DD23-F450-BB2B46ABE86B</sourceEntity>
<targetCardinalityString>*</targetCardinalityString>
<targetEntity>94355510-FAE7-680D-E91D-C64872660C97</targetEntity>
<transferable>true</transferable>
<deleteRule>NO ACTION</deleteRule>
</Relation>