<?xml version = '1.0' encoding = 'UTF-8'?>
<Relation class="oracle.dbtools.crest.model.design.logical.Relation" name="Relation_43" directorySegmentName="seg_0" id="6E86C614-A657-2938-F4A4-9A5B8417A75A">
<createdBy>rapha</createdBy>
<createdTime>2021-11-12 23:26:33 UTC</createdTime>
<ownerDesignName>1</ownerDesignName>
<engineerTo>
<item key="E12BE75F-9658-AAA6-10B0-98627F51EB40" value="true"/>
</engineerTo>
<sourcePk>B85F02A5-18D7-0633-E974-674B97BB909C</sourcePk>
<identifying>false</identifying>
<optionalSource>true</optionalSource>
<optionalTarget>false</optionalTarget>
<sourceCardinality>1</sourceCardinality>
<sourceEntity>35B3ACB0-8E29-DD23-F450-BB2B46ABE86B</sourceEntity>
<targetCardinalityString>*</targetCardinalityString>
<targetEntity>34C4ED14-F1E0-90A0-B70D-35B5DFF12253</targetEntity>
<transferable>true</transferable>
<deleteRule>NO ACTION</deleteRule>
</Relation>