<?xml version = '1.0' encoding = 'UTF-8'?>
<Relation class="oracle.dbtools.crest.model.design.logical.Relation" name="TB ENDERECOS TB LOGRADOURO FK" directorySegmentName="seg_0" id="7C4DF70B-A4D5-9A77-DE91-E599414D5B35">
<createdBy>rapha</createdBy>
<createdTime>2021-11-12 22:02:30 UTC</createdTime>
<ownerDesignName>1</ownerDesignName>
<engineerTo>
<item key="E12BE75F-9658-AAA6-10B0-98627F51EB40" value="true"/>
</engineerTo>
<sourcePk>F9764D0C-CB69-2968-4A29-544827E052C3</sourcePk>
<identifying>false</identifying>
<optionalSource>true</optionalSource>
<optionalTarget>false</optionalTarget>
<sourceCardinality>1</sourceCardinality>
<sourceEntity>1D19BFB6-FC00-5AFE-1E5C-3557AD6436E1</sourceEntity>
<targetCardinalityString>*</targetCardinalityString>
<targetEntity>34C4ED14-F1E0-90A0-B70D-35B5DFF12253</targetEntity>
<transferable>true</transferable>
<deleteRule>NO ACTION</deleteRule>
</Relation>