<?xml version = '1.0' encoding = 'UTF-8'?>
<Relation class="oracle.dbtools.crest.model.design.logical.Relation" name="Relation_38" directorySegmentName="seg_0" id="B33653D8-3709-B957-0DAB-BF532582E4C4">
<createdBy>rapha</createdBy>
<createdTime>2021-11-12 22:25:10 UTC</createdTime>
<ownerDesignName>1</ownerDesignName>
<engineerTo>
<item key="E12BE75F-9658-AAA6-10B0-98627F51EB40" value="true"/>
</engineerTo>
<sourcePk>D3907789-7A4F-EC78-7956-0C44EA2F22AD</sourcePk>
<identifying>false</identifying>
<optionalSource>true</optionalSource>
<optionalTarget>false</optionalTarget>
<sourceCardinality>1</sourceCardinality>
<sourceEntity>BF070064-F51C-B29F-41CC-3E99A620A3ED</sourceEntity>
<targetCardinalityString>*</targetCardinalityString>
<targetEntity>1D19BFB6-FC00-5AFE-1E5C-3557AD6436E1</targetEntity>
<transferable>true</transferable>
<deleteRule>NO ACTION</deleteRule>
</Relation>