<?xml version = '1.0' encoding = 'UTF-8'?>
<Relation class="oracle.dbtools.crest.model.design.logical.Relation" name="Relation_40" directorySegmentName="seg_0" id="C1CC8D9F-9778-DED7-066E-040FDAA29290">
<createdBy>rapha</createdBy>
<createdTime>2021-11-12 22:25:34 UTC</createdTime>
<ownerDesignName>1</ownerDesignName>
<engineerTo>
<item key="E12BE75F-9658-AAA6-10B0-98627F51EB40" value="true"/>
</engineerTo>
<sourcePk>FA41F454-2753-ABEC-68D8-0060B91BF1CA</sourcePk>
<identifying>false</identifying>
<optionalSource>true</optionalSource>
<optionalTarget>false</optionalTarget>
<sourceCardinality>1</sourceCardinality>
<sourceEntity>7F833EC8-EF6B-2EC6-3809-FC1AA4B84DE3</sourceEntity>
<targetCardinalityString>*</targetCardinalityString>
<targetEntity>1D19BFB6-FC00-5AFE-1E5C-3557AD6436E1</targetEntity>
<transferable>true</transferable>
<deleteRule>NO ACTION</deleteRule>
</Relation>