<?xml version = '1.0' encoding = 'UTF-8'?>
<Relation class="oracle.dbtools.crest.model.design.logical.Relation" name="Relation_36" directorySegmentName="seg_0" id="DA90342A-40EF-4224-621E-1EDA0946A68E">
<createdBy>rapha</createdBy>
<createdTime>2021-11-12 22:22:39 UTC</createdTime>
<ownerDesignName>1</ownerDesignName>
<engineerTo>
<item key="E12BE75F-9658-AAA6-10B0-98627F51EB40" value="true"/>
</engineerTo>
<sourcePk>EAAB4E93-AD98-8472-D1E7-553243B196BB</sourcePk>
<identifying>false</identifying>
<optionalSource>true</optionalSource>
<optionalTarget>false</optionalTarget>
<sourceCardinality>1</sourceCardinality>
<sourceEntity>82FCDDA9-13BE-85CA-9D17-2833AE9D5997</sourceEntity>
<targetCardinalityString>*</targetCardinalityString>
<targetEntity>A70196F5-E274-29D2-91C1-AB9B4D59773E</targetEntity>
<transferable>true</transferable>
<deleteRule>NO ACTION</deleteRule>
</Relation>