<?xml version = '1.0' encoding = 'UTF-8'?>
<Relation class="oracle.dbtools.crest.model.design.logical.Relation" name="Relation_44" directorySegmentName="seg_0" id="DD34F419-B780-0BCD-FE7A-0E9E4DFFFEAA">
<createdBy>rapha</createdBy>
<createdTime>2021-11-12 23:31:10 UTC</createdTime>
<ownerDesignName>1</ownerDesignName>
<engineerTo>
<item key="E12BE75F-9658-AAA6-10B0-98627F51EB40" value="true"/>
</engineerTo>
<sourcePk>B97A2C6B-A2D9-48F8-A763-1EBF0982CB38</sourcePk>
<identifying>false</identifying>
<optionalSource>true</optionalSource>
<optionalTarget>false</optionalTarget>
<sourceCardinality>1</sourceCardinality>
<sourceEntity>F5AC0EE6-AB0E-3F6B-E5D0-5172B08A9F31</sourceEntity>
<targetCardinalityString>*</targetCardinalityString>
<targetEntity>94355510-FAE7-680D-E91D-C64872660C97</targetEntity>
<transferable>true</transferable>
<deleteRule>NO ACTION</deleteRule>
</Relation>