<?xml version = '1.0' encoding = 'UTF-8'?>
<Relation class="oracle.dbtools.crest.model.design.logical.Relation" name="Relation_39" directorySegmentName="seg_0" id="F40B33C8-A419-DF37-32B3-3B0BBF60253E">
<createdBy>rapha</createdBy>
<createdTime>2021-11-12 22:25:27 UTC</createdTime>
<ownerDesignName>1</ownerDesignName>
<engineerTo>
<item key="E12BE75F-9658-AAA6-10B0-98627F51EB40" value="true"/>
</engineerTo>
<sourcePk>9C5AEFC7-37D1-974E-3630-21D5D725A3D5</sourcePk>
<identifying>false</identifying>
<optionalSource>true</optionalSource>
<optionalTarget>false</optionalTarget>
<sourceCardinality>1</sourceCardinality>
<sourceEntity>9C2ADF56-3E78-17D4-6EB7-393D57345205</sourceEntity>
<targetCardinalityString>*</targetCardinalityString>
<targetEntity>1D19BFB6-FC00-5AFE-1E5C-3557AD6436E1</targetEntity>
<transferable>true</transferable>
<deleteRule>NO ACTION</deleteRule>
</Relation>