<?xml version = '1.0' encoding = 'UTF-8'?>
<Diagram class="oracle.dbtools.crest.swingui.relational.DPVRelational" name="Relational_1" id="604FFCD9-3D20-D108-6CE8-5941D1CB9222">
<createdBy>rapha</createdBy>
<modifiedBy>rapha</modifiedBy>
<createdTime>2021-11-14 16:25:29 UTC</createdTime>
<autoRoute>false</autoRoute>
<boxInbox>true</boxInbox>
<showLegend>false</showLegend>
<showLabels>false</showLabels>
<showRelAttributes>false</showRelAttributes>
<gridEnabled>false</gridEnabled>
<showGrid>false</showGrid>
<diagramColor>-1</diagramColor>
<display>false</display>
<notation>1</notation>
<objectViews>
<OView class="oracle.dbtools.crest.swingui.relational.TVTable" oid="0D29AD88-0D12-EB01-7D0A-13AC6BEA1992" otype="Table" vid="F6654BDE-761D-3948-8ADB-D433B2DC1575">
<hideElementsInCurrentOnly>false</hideElementsInCurrentOnly>
<bounds x="1061" y="21" width="269" height="124"/>
</OView>
<OView class="oracle.dbtools.crest.swingui.relational.TVTable" oid="14CB4ED1-A358-EC25-EA68-C836796A0DA7" otype="Table" vid="58978569-9850-236C-5BB4-AACD03675D6E">
<hideElementsInCurrentOnly>false</hideElementsInCurrentOnly>
<bounds x="1051" y="317" width="266" height="161"/>
</OView>
<OView class="oracle.dbtools.crest.swingui.relational.TVTable" oid="2ED50B03-1919-E6F5-1082-01FD8B969525" otype="Table" vid="FCC3C8E7-B627-70DA-C8BF-C58953CE56BA">
<hideElementsInCurrentOnly>false</hideElementsInCurrentOnly>
<bounds x="715" y="29" width="207" height="253"/>
</OView>
<OView class="oracle.dbtools.crest.swingui.relational.TVTable" oid="7391E46F-586B-4C58-3D0A-5E662E0FC492" otype="Table" vid="965846DB-8E4B-1F60-CB10-E5956AB05C14">
<hideElementsInCurrentOnly>false</hideElementsInCurrentOnly>
<bounds x="344" y="192" width="329" height="125"/>
</OView>
<OView class="oracle.dbtools.crest.swingui.relational.TVTable" oid="A8116EA6-F99D-241C-BBC7-6F2A48DB5A89" otype="Table" vid="2C5406CB-FBA8-D67C-0411-AAB86851FD59">
<hideElementsInCurrentOnly>false</hideElementsInCurrentOnly>
<bounds x="196" y="349" width="376" height="117"/>
</OView>
<OView class="oracle.dbtools.crest.swingui.relational.TVTable" oid="B1D99F5B-D421-3748-DED0-897C58AB53F1" otype="Table" vid="77D15FC3-EE9C-9FDC-B48F-365FD6AB18F5">
<hideElementsInCurrentOnly>false</hideElementsInCurrentOnly>
<bounds x="242" y="16" width="321" height="141"/>
</OView>
<OView class="oracle.dbtools.crest.swingui.relational.TVTable" oid="EC740CE6-6DBD-0714-3A64-1937D36109F9" otype="Table" vid="7FAEE319-7035-3F8A-C38F-2F9914C12DA8">
<hideElementsInCurrentOnly>false</hideElementsInCurrentOnly>
<bounds x="1062" y="155" width="302" height="125"/>
</OView>
<OView class="oracle.dbtools.crest.swingui.relational.TVTable" oid="EF4EB020-6A1D-B79F-4D01-550CB85A21D0" otype="Table" vid="AEC66E60-4450-C104-C5AA-74794A13E15C">
<hideElementsInCurrentOnly>false</hideElementsInCurrentOnly>
<bounds x="139" y="191" width="190" height="94"/>
</OView>
</objectViews>
<connectors>
<Connector class="oracle.dbtools.crest.swingui.relational.TVFKRelation" oid="169DF21F-D67D-731B-3839-688CB0E5DC51" otype="FKIndexAssociation" vid_source="965846DB-8E4B-1F60-CB10-E5956AB05C14" vid_target="2C5406CB-FBA8-D67C-0411-AAB86851FD59">
<hideElementsInCurrentOnly>false</hideElementsInCurrentOnly>
<backgroundColor>-16777216</backgroundColor>
<lineWidth>1</lineWidth>
<points>
<point x="458" y="317"/>
<point x="458" y="349"/>
</points>
</Connector>
<Connector class="oracle.dbtools.crest.swingui.relational.TVFKRelation" oid="1A065BC4-9313-7404-0198-89FA83566340" otype="FKIndexAssociation" vid_source="FCC3C8E7-B627-70DA-C8BF-C58953CE56BA" vid_target="7FAEE319-7035-3F8A-C38F-2F9914C12DA8">
<hideElementsInCurrentOnly>false</hideElementsInCurrentOnly>
<backgroundColor>-16777216</backgroundColor>
<lineWidth>1</lineWidth>
<points>
<point x="922" y="202"/>
<point x="1062" y="202"/>
</points>
</Connector>
<Connector class="oracle.dbtools.crest.swingui.relational.TVFKRelation" oid="52E59D21-9878-B874-8BEA-2E406230D307" otype="FKIndexAssociation" vid_source="AEC66E60-4450-C104-C5AA-74794A13E15C" vid_target="2C5406CB-FBA8-D67C-0411-AAB86851FD59">
<hideElementsInCurrentOnly>false</hideElementsInCurrentOnly>
<backgroundColor>-16777216</backgroundColor>
<lineWidth>1</lineWidth>
<points>
<point x="262" y="285"/>
<point x="262" y="349"/>
</points>
</Connector>
<Connector class="oracle.dbtools.crest.swingui.relational.TVFKRelation" oid="961D4209-67A9-511E-0E02-3BB248A53E4F" otype="FKIndexAssociation" vid_source="FCC3C8E7-B627-70DA-C8BF-C58953CE56BA" vid_target="58978569-9850-236C-5BB4-AACD03675D6E">
<hideElementsInCurrentOnly>false</hideElementsInCurrentOnly>
<backgroundColor>-16777216</backgroundColor>
<lineWidth>1</lineWidth>
<points>
<point x="922" y="224"/>
<point x="1062" y="317"/>
</points>
</Connector>
<Connector class="oracle.dbtools.crest.swingui.relational.TVFKRelation" oid="C2BCDCCB-E6BA-FC43-CF9E-89E0B8BBFE2C" otype="FKIndexAssociation" vid_source="FCC3C8E7-B627-70DA-C8BF-C58953CE56BA" vid_target="77D15FC3-EE9C-9FDC-B48F-365FD6AB18F5">
<hideElementsInCurrentOnly>false</hideElementsInCurrentOnly>
<backgroundColor>-16777216</backgroundColor>
<lineWidth>1</lineWidth>
<points>
<point x="715" y="93"/>
<point x="563" y="93"/>
</points>
</Connector>
<Connector class="oracle.dbtools.crest.swingui.relational.TVFKRelation" oid="D7697E4B-C672-74F0-29D5-FF4384D3D49E" otype="FKIndexAssociation" vid_source="FCC3C8E7-B627-70DA-C8BF-C58953CE56BA" vid_target="F6654BDE-761D-3948-8ADB-D433B2DC1575">
<hideElementsInCurrentOnly>false</hideElementsInCurrentOnly>
<backgroundColor>-16777216</backgroundColor>
<lineWidth>1</lineWidth>
<points>
<point x="922" y="87"/>
<point x="1061" y="87"/>
</points>
</Connector>
<Connector class="oracle.dbtools.crest.swingui.relational.TVFKRelation" oid="E2E2EE61-1321-357A-5A94-596A4B4BB8B7" otype="FKIndexAssociation" vid_source="FCC3C8E7-B627-70DA-C8BF-C58953CE56BA" vid_target="965846DB-8E4B-1F60-CB10-E5956AB05C14">
<hideElementsInCurrentOnly>false</hideElementsInCurrentOnly>
<backgroundColor>-16777216</backgroundColor>
<lineWidth>1</lineWidth>
<points>
<point x="715" y="237"/>
<point x="673" y="237"/>
</points>
</Connector>
</connectors>
</Diagram>