<?xml version = '1.0' encoding = 'UTF-8'?>
<Relation class="oracle.dbtools.crest.model.design.logical.Relation" name="Relation_10" directorySegmentName="seg_0" id="14279E2C-6610-0E57-F294-ABCCA8C8D9E9">
<createdBy>rapha</createdBy>
<createdTime>2021-11-15 20:55:07 UTC</createdTime>
<ownerDesignName>Atividade_3_7</ownerDesignName>
<engineerTo>
<item key="1A9043C7-A7CE-4AB7-D546-30D4BC5575A0" value="true"/>
</engineerTo>
<sourcePk>0A720995-473F-27A7-BC46-E5B23CBA6F7D</sourcePk>
<identifying>false</identifying>
<optionalSource>true</optionalSource>
<optionalTarget>false</optionalTarget>
<sourceCardinality>1</sourceCardinality>
<sourceEntity>B669A69B-0CB4-7643-DEA2-3B22DBEDEC3C</sourceEntity>
<targetCardinalityString>1</targetCardinalityString>
<targetEntity>4C4AC820-6E9A-6FFE-879C-2A689341054A</targetEntity>
<transferable>true</transferable>
<deleteRule>NO ACTION</deleteRule>
</Relation>