<?xml version = '1.0' encoding = 'UTF-8'?>
<Relation class="oracle.dbtools.crest.model.design.logical.Relation" name="TB_LISTA_PESO_TB_USUARIO_FK" directorySegmentName="seg_0" id="29FE51FC-E17A-570E-0AF1-5272CBC1B1E3">
<createdBy>rapha</createdBy>
<createdTime>2021-11-15 20:52:31 UTC</createdTime>
<generatorID>1ADBBAEB-38FC-44D3-CBAF-FE7F498D8DAF</generatorID>
<ownerDesignName>Atividade_3_7</ownerDesignName>
<engineerTo>
<item key="1A9043C7-A7CE-4AB7-D546-30D4BC5575A0" value="true"/>
</engineerTo>
<sourcePk>0A720995-473F-27A7-BC46-E5B23CBA6F7D</sourcePk>
<identifying>false</identifying>
<optionalSource>true</optionalSource>
<optionalTarget>true</optionalTarget>
<sourceCardinality>1</sourceCardinality>
<sourceEntity>B669A69B-0CB4-7643-DEA2-3B22DBEDEC3C</sourceEntity>
<targetCardinalityString>*</targetCardinalityString>
<targetEntity>B2902AB0-56AE-69B3-3778-A863F7361B7D</targetEntity>
<transferable>true</transferable>
<deleteRule>NO ACTION</deleteRule>
</Relation>