<?xml version = '1.0' encoding = 'UTF-8'?>
<Relation class="oracle.dbtools.crest.model.design.logical.Relation" name="Relation_12" directorySegmentName="seg_0" id="44DDA418-A850-F160-5513-88B18239AAB6">
<createdBy>rapha</createdBy>
<createdTime>2021-11-15 21:09:55 UTC</createdTime>
<ownerDesignName>Atividade_3_7</ownerDesignName>
<engineerTo>
<item key="1A9043C7-A7CE-4AB7-D546-30D4BC5575A0" value="true"/>
</engineerTo>
<identifying>false</identifying>
<optionalSource>true</optionalSource>
<optionalTarget>false</optionalTarget>
<sourceCardinality>*</sourceCardinality>
<sourceEntity>3C734FE9-D529-CC28-C37D-B4E088F0A5EB</sourceEntity>
<targetCardinalityString>*</targetCardinalityString>
<targetEntity>4F714EC2-5811-F1BB-DB51-A60EEE2AE67B</targetEntity>
<transferable>true</transferable>
<deleteRule>NO ACTION</deleteRule>
</Relation>