<?xml version = '1.0' encoding = 'UTF-8'?>
<Relation class="oracle.dbtools.crest.model.design.logical.Relation" name="TB_IMC_TB_USUARIO_FK" directorySegmentName="seg_0" id="BCBA3C06-D730-6EC0-3306-5DCB22679530">
<createdBy>rapha</createdBy>
<createdTime>2021-11-15 20:52:31 UTC</createdTime>
<generatorID>EE63B3E9-9145-55BA-CE5A-3FFCA2AD67F4</generatorID>
<ownerDesignName>Atividade_3_7</ownerDesignName>
<engineerTo>
<item key="1A9043C7-A7CE-4AB7-D546-30D4BC5575A0" value="true"/>
</engineerTo>
<sourcePk>0A720995-473F-27A7-BC46-E5B23CBA6F7D</sourcePk>
<identifying>false</identifying>
<optionalSource>true</optionalSource>
<optionalTarget>true</optionalTarget>
<sourceCardinality>1</sourceCardinality>
<sourceEntity>B669A69B-0CB4-7643-DEA2-3B22DBEDEC3C</sourceEntity>
<targetCardinalityString>*</targetCardinalityString>
<targetEntity>4A87362D-B036-FC0E-223A-39148EC02958</targetEntity>
<transferable>true</transferable>
<deleteRule>NO ACTION</deleteRule>
</Relation>