<?xml version = '1.0' encoding = 'UTF-8'?>
<Relation class="oracle.dbtools.crest.model.design.logical.Relation" name="Relation_11" directorySegmentName="seg_0" id="E8F5151C-468F-A8B0-E25E-82F2D07FC2A9">
<createdBy>rapha</createdBy>
<createdTime>2021-11-15 21:09:45 UTC</createdTime>
<ownerDesignName>Atividade_3_7</ownerDesignName>
<engineerTo>
<item key="1A9043C7-A7CE-4AB7-D546-30D4BC5575A0" value="true"/>
</engineerTo>
<sourcePk>0A720995-473F-27A7-BC46-E5B23CBA6F7D</sourcePk>
<identifying>false</identifying>
<optionalSource>true</optionalSource>
<optionalTarget>false</optionalTarget>
<sourceCardinality>1</sourceCardinality>
<sourceEntity>B669A69B-0CB4-7643-DEA2-3B22DBEDEC3C</sourceEntity>
<targetCardinalityString>*</targetCardinalityString>
<targetEntity>3C734FE9-D529-CC28-C37D-B4E088F0A5EB</targetEntity>
<transferable>true</transferable>
<deleteRule>NO ACTION</deleteRule>
</Relation>