<?xml version = '1.0' encoding = 'UTF-8'?>
<Relation class="oracle.dbtools.crest.model.design.logical.Relation" name="TB_ATV_FISICA_TB_USUARIO_FK" directorySegmentName="seg_0" id="E9E45A64-BEDA-AF6A-8FDB-0F82E7935F78">
<createdBy>rapha</createdBy>
<createdTime>2021-11-15 20:52:31 UTC</createdTime>
<generatorID>23ED93A0-4E67-DDF5-0C0A-1A8E0992FDD0</generatorID>
<ownerDesignName>Atividade_3_7</ownerDesignName>
<engineerTo>
<item key="1A9043C7-A7CE-4AB7-D546-30D4BC5575A0" value="true"/>
</engineerTo>
<sourcePk>0A720995-473F-27A7-BC46-E5B23CBA6F7D</sourcePk>
<identifying>false</identifying>
<optionalSource>true</optionalSource>
<optionalTarget>true</optionalTarget>
<sourceCardinality>1</sourceCardinality>
<sourceEntity>B669A69B-0CB4-7643-DEA2-3B22DBEDEC3C</sourceEntity>
<targetCardinalityString>*</targetCardinalityString>
<targetEntity>60A4A3B9-7487-D65B-89F2-50CFEAB85745</targetEntity>
<transferable>true</transferable>
<deleteRule>NO ACTION</deleteRule>
</Relation>