<?xml version = '1.0' encoding = 'UTF-8'?>
<Table class="oracle.dbtools.crest.model.design.relational.Table" directorySegmentName="seg_0" id="0D29AD88-0D12-EB01-7D0A-13AC6BEA1992" name="TB_IMC">
<createdBy>rapha</createdBy>
<createdTime>2021-11-15 21:39:51 UTC</createdTime>
<generatorID>4A87362D-B036-FC0E-223A-39148EC02958</generatorID>
<ownerDesignName>Atividade_3_7</ownerDesignName>
<allowColumnReorder>false</allowColumnReorder>
<existDependencyGenerateInDDl>true</existDependencyGenerateInDDl>
<parsed>true</parsed>
<columns itemClass="oracle.dbtools.crest.model.design.relational.Column">
<Column name="id_imc" id="49CA7E77-AD2A-678F-EC6D-F8199675F21C">
<createdBy>rapha</createdBy>
<createdTime>2021-11-15 21:39:51 UTC</createdTime>
<generatorID>EF808C11-46CF-ACC4-B84A-7E1551622313</generatorID>
<ownerDesignName>Atividade_3_7</ownerDesignName>
<useDomainConstraints>false</useDomainConstraints>
<use>1</use>
<logicalDatatype>LOGDT019</logicalDatatype>
<dataTypePrecision>4</dataTypePrecision>
<dataTypeScale>2</dataTypeScale>
<ownDataTypeParameters>,4,2</ownDataTypeParameters>
<autoIncrementCycle>false</autoIncrementCycle>
</Column>
<Column name="imc" id="403A9117-7299-6395-ABC3-933A024F6DFC">
<createdBy>rapha</createdBy>
<createdTime>2021-11-15 21:39:51 UTC</createdTime>
<generatorID>8F8A1AF8-8283-B763-1C28-EFFAE18AEED2</generatorID>
<ownerDesignName>Atividade_3_7</ownerDesignName>
<useDomainConstraints>false</useDomainConstraints>
<use>1</use>
<logicalDatatype>LOGDT019</logicalDatatype>
<dataTypePrecision>4</dataTypePrecision>
<dataTypeScale>2</dataTypeScale>
<ownDataTypeParameters>,4,2</ownDataTypeParameters>
<autoIncrementCycle>false</autoIncrementCycle>
</Column>
<Column name="dt_calc" id="77A634A5-B66D-6246-2A2B-2E7F772EDAE4">
<createdBy>rapha</createdBy>
<createdTime>2021-11-15 21:39:51 UTC</createdTime>
<generatorID>95C0DDFB-2F70-6383-01FC-A4491DC18377</generatorID>
<ownerDesignName>Atividade_3_7</ownerDesignName>
<useDomainConstraints>false</useDomainConstraints>
<use>1</use>
<logicalDatatype>LOGDT008</logicalDatatype>
<ownDataTypeParameters>,,</ownDataTypeParameters>
<autoIncrementCycle>false</autoIncrementCycle>
</Column>
<Column name="TB_USUARIO_id_user" id="D0B1DDAC-0C7F-B356-E3E9-89F4102C9A7A">
<createdBy>rapha</createdBy>
<createdTime>2021-11-15 21:39:51 UTC</createdTime>
<generatorID>7E68606F-7BC1-0D44-CEF1-F6C237C9952E</generatorID>
<ownerDesignName>Atividade_3_7</ownerDesignName>
<nullsAllowed>true</nullsAllowed>
<useDomainConstraints>false</useDomainConstraints>
<use>1</use>
<logicalDatatype>LOGDT019</logicalDatatype>
<dataTypePrecision>1000</dataTypePrecision>
<ownDataTypeParameters>,,</ownDataTypeParameters>
<previousColumn>false</previousColumn>
<autoIncrementCycle>false</autoIncrementCycle>
<associations>
<colAssociation fkAssociation="D7697E4B-C672-74F0-29D5-FF4384D3D49E" referredColumn="49A90168-6B93-7052-9AAE-C94008D61F1F"/>
</associations>
</Column>
</columns>
<indexes itemClass="oracle.dbtools.crest.model.design.relational.Index">
<ind_PK_UK id="AE1FA5D8-6572-5446-EAD2-97B1F372BF42" name="TB_IMC_PK">
<createdBy>rapha</createdBy>
<createdTime>2021-11-15 21:39:51 UTC</createdTime>
<generatorID>CEA4E8C9-0BD6-AF79-DAE8-D4E5F4BBB30C</generatorID>
<ownerDesignName>Atividade_3_7</ownerDesignName>
<pk>true</pk>
<indexState>Primary Constraint</indexState>
<isSurrogateKey>false</isSurrogateKey>
<indexColumnUsage>
<colUsage columnID="49CA7E77-AD2A-678F-EC6D-F8199675F21C"/>
</indexColumnUsage>
</ind_PK_UK>
<ind_PK_UK id="70410281-0939-1224-69C0-02A8E01055E2" name="TB_IMC_TB_USUARIO_FK">
<createdBy>rapha</createdBy>
<createdTime>2021-11-15 21:39:51 UTC</createdTime>
<generatorID>BCBA3C06-D730-6EC0-3306-5DCB22679530</generatorID>
<ownerDesignName>Atividade_3_7</ownerDesignName>
<indexState>Foreign Key</indexState>
<isSurrogateKey>false</isSurrogateKey>
<indexColumnUsage>
<colUsage columnID="D0B1DDAC-0C7F-B356-E3E9-89F4102C9A7A"/>
</indexColumnUsage>
</ind_PK_UK>
</indexes>
</Table>