<?xml version = '1.0' encoding = 'UTF-8'?>
<Table class="oracle.dbtools.crest.model.design.relational.Table" directorySegmentName="seg_0" id="7391E46F-586B-4C58-3D0A-5E662E0FC492" name="TB_REFEICAO">
<createdBy>rapha</createdBy>
<createdTime>2021-11-15 21:39:51 UTC</createdTime>
<generatorID>3C734FE9-D529-CC28-C37D-B4E088F0A5EB</generatorID>
<ownerDesignName>Atividade_3_7</ownerDesignName>
<allowColumnReorder>false</allowColumnReorder>
<existDependencyGenerateInDDl>true</existDependencyGenerateInDDl>
<parsed>true</parsed>
<columns itemClass="oracle.dbtools.crest.model.design.relational.Column">
<Column name="id_refeição" id="1F255E0B-EBD7-5DBA-CA51-BC60925D54E9">
<createdBy>rapha</createdBy>
<createdTime>2021-11-15 21:39:51 UTC</createdTime>
<generatorID>C0DB32F2-3635-A6CB-4710-E15887B98F3B</generatorID>
<ownerDesignName>Atividade_3_7</ownerDesignName>
<useDomainConstraints>false</useDomainConstraints>
<use>1</use>
<logicalDatatype>LOGDT024</logicalDatatype>
<dataTypeSize>30</dataTypeSize>
<ownDataTypeParameters>30,,</ownDataTypeParameters>
<autoIncrementCycle>false</autoIncrementCycle>
</Column>
<Column name="tp_refeição" id="7B9466B3-699C-17AA-DBF1-792802969F22">
<createdBy>rapha</createdBy>
<createdTime>2021-11-15 21:39:51 UTC</createdTime>
<generatorID>5385A23E-252C-47EB-A2BC-837E28E8E784</generatorID>
<ownerDesignName>Atividade_3_7</ownerDesignName>
<useDomainConstraints>false</useDomainConstraints>
<use>1</use>
<logicalDatatype>LOGDT024</logicalDatatype>
<dataTypeSize>30</dataTypeSize>
<ownDataTypeParameters>30,,</ownDataTypeParameters>
<autoIncrementCycle>false</autoIncrementCycle>
</Column>
<Column name="TB_USUARIO_id_user" id="9BFFD15C-B63B-1F80-7ACE-98BE94E44E2E">
<createdBy>rapha</createdBy>
<createdTime>2021-11-15 21:39:51 UTC</createdTime>
<generatorID>0ABF8687-B535-DA9B-9DCE-CE5A26964487</generatorID>
<ownerDesignName>Atividade_3_7</ownerDesignName>
<useDomainConstraints>false</useDomainConstraints>
<use>1</use>
<logicalDatatype>LOGDT019</logicalDatatype>
<dataTypePrecision>1000</dataTypePrecision>
<ownDataTypeParameters>,,</ownDataTypeParameters>
<previousColumn>false</previousColumn>
<autoIncrementCycle>false</autoIncrementCycle>
<associations>
<colAssociation fkAssociation="E2E2EE61-1321-357A-5A94-596A4B4BB8B7" referredColumn="49A90168-6B93-7052-9AAE-C94008D61F1F"/>
</associations>
</Column>
<Column name="data" id="515D7FA2-4FFC-6028-5A7F-04D09FA937ED">
<createdBy>rapha</createdBy>
<createdTime>2021-11-15 21:39:51 UTC</createdTime>
<generatorID>1473CABE-91F6-CF88-912D-120FB1C5F509</generatorID>
<ownerDesignName>Atividade_3_7</ownerDesignName>
<useDomainConstraints>false</useDomainConstraints>
<use>1</use>
<logicalDatatype>LOGDT008</logicalDatatype>
<ownDataTypeParameters>,,</ownDataTypeParameters>
<autoIncrementCycle>false</autoIncrementCycle>
</Column>
</columns>
<indexes itemClass="oracle.dbtools.crest.model.design.relational.Index">
<ind_PK_UK id="7676535A-898E-8F72-12A9-41DF484BBC81" name="TB_REFEICAO_PK">
<createdBy>rapha</createdBy>
<createdTime>2021-11-15 21:39:51 UTC</createdTime>
<generatorID>BFEFA3E2-6411-49D9-0729-B51A52758BAA</generatorID>
<ownerDesignName>Atividade_3_7</ownerDesignName>
<pk>true</pk>
<indexState>Primary Constraint</indexState>
<isSurrogateKey>false</isSurrogateKey>
<indexColumnUsage>
<colUsage columnID="1F255E0B-EBD7-5DBA-CA51-BC60925D54E9"/>
</indexColumnUsage>
</ind_PK_UK>
<ind_PK_UK id="E53B57A8-74C0-D827-ADBD-813F6B28B339" name="TB_REFEICAO_TB_USUARIO_FK">
<createdBy>rapha</createdBy>
<createdTime>2021-11-15 21:39:51 UTC</createdTime>
<generatorID>E8F5151C-468F-A8B0-E25E-82F2D07FC2A9</generatorID>
<ownerDesignName>Atividade_3_7</ownerDesignName>
<indexState>Foreign Key</indexState>
<isSurrogateKey>false</isSurrogateKey>
<indexColumnUsage>
<colUsage columnID="9BFFD15C-B63B-1F80-7ACE-98BE94E44E2E"/>
</indexColumnUsage>
</ind_PK_UK>
</indexes>
</Table>