<?xml version = '1.0' encoding = 'UTF-8'?>
<Table class="oracle.dbtools.crest.model.design.relational.Table" directorySegmentName="seg_0" id="A8116EA6-F99D-241C-BBC7-6F2A48DB5A89" name="TB_ALI_REF">
<createdBy>rapha</createdBy>
<createdTime>2021-11-15 21:39:51 UTC</createdTime>
<ownerDesignName>Atividade_3_7</ownerDesignName>
<ordsAlias>relation_12</ordsAlias>
<allowColumnReorder>false</allowColumnReorder>
<existDependencyGenerateInDDl>true</existDependencyGenerateInDDl>
<parsed>true</parsed>
<columns itemClass="oracle.dbtools.crest.model.design.relational.Column">
<Column name="TB_REFEICAO_id_refeição" id="69ECA98F-D2FD-674C-F553-0393050D39D5">
<createdBy>rapha</createdBy>
<createdTime>2021-11-15 21:39:51 UTC</createdTime>
<ownerDesignName>Atividade_3_7</ownerDesignName>
<useDomainConstraints>false</useDomainConstraints>
<use>1</use>
<logicalDatatype>LOGDT024</logicalDatatype>
<dataTypeSize>30</dataTypeSize>
<ownDataTypeParameters>,,</ownDataTypeParameters>
<previousColumn>false</previousColumn>
<autoIncrementCycle>false</autoIncrementCycle>
<associations>
<colAssociation fkAssociation="169DF21F-D67D-731B-3839-688CB0E5DC51" referredColumn="1F255E0B-EBD7-5DBA-CA51-BC60925D54E9"/>
</associations>
</Column>
<Column name="TB_ALIMENTOS_id_alimento" id="3C119D96-6B6F-A083-FAD9-1944AB662B3B">
<createdBy>rapha</createdBy>
<createdTime>2021-11-15 21:39:51 UTC</createdTime>
<ownerDesignName>Atividade_3_7</ownerDesignName>
<useDomainConstraints>false</useDomainConstraints>
<use>1</use>
<logicalDatatype>LOGDT024</logicalDatatype>
<dataTypeSize>30</dataTypeSize>
<ownDataTypeParameters>,,</ownDataTypeParameters>
<previousColumn>false</previousColumn>
<autoIncrementCycle>false</autoIncrementCycle>
<associations>
<colAssociation fkAssociation="52E59D21-9878-B874-8BEA-2E406230D307" referredColumn="6C109825-E654-EE0A-D6CA-0B5E2173C2C6"/>
</associations>
</Column>
</columns>
<indexes itemClass="oracle.dbtools.crest.model.design.relational.Index">
<ind_PK_UK id="98AA82F0-7A6D-8151-1B3E-BA2D96DC5EF8" name="Relation_12_PK">
<createdBy>rapha</createdBy>
<createdTime>2021-11-15 21:39:51 UTC</createdTime>
<ownerDesignName>Atividade_3_7</ownerDesignName>
<pk>true</pk>
<indexState>Primary Constraint</indexState>
<isSurrogateKey>false</isSurrogateKey>
<indexColumnUsage>
<colUsage columnID="69ECA98F-D2FD-674C-F553-0393050D39D5"/>
<colUsage columnID="3C119D96-6B6F-A083-FAD9-1944AB662B3B"/>
</indexColumnUsage>
</ind_PK_UK>
<ind_PK_UK id="77141B69-B470-2E4F-1FDC-86F48B839F25" name="Relation_12_TB_REFEICAO_FK">
<createdBy>rapha</createdBy>
<createdTime>2021-11-15 21:39:51 UTC</createdTime>
<generatorID>44DDA418-A850-F160-5513-88B18239AAB6</generatorID>
<ownerDesignName>Atividade_3_7</ownerDesignName>
<indexState>Foreign Key</indexState>
<isSurrogateKey>false</isSurrogateKey>
<indexColumnUsage>
<colUsage columnID="69ECA98F-D2FD-674C-F553-0393050D39D5"/>
</indexColumnUsage>
</ind_PK_UK>
<ind_PK_UK id="F278E4F5-18B5-A72D-15E7-AB386049F556" name="Relation_12_TB_ALIMENTOS_FK">
<createdBy>rapha</createdBy>
<createdTime>2021-11-15 21:39:51 UTC</createdTime>
<generatorID>44DDA418-A850-F160-5513-88B18239AAB6</generatorID>
<ownerDesignName>Atividade_3_7</ownerDesignName>
<indexState>Foreign Key</indexState>
<isSurrogateKey>false</isSurrogateKey>
<indexColumnUsage>
<colUsage columnID="3C119D96-6B6F-A083-FAD9-1944AB662B3B"/>
</indexColumnUsage>
</ind_PK_UK>
</indexes>
</Table>