<?xml version = '1.0' encoding = 'UTF-8'?>
<Table class="oracle.dbtools.crest.model.design.relational.Table" directorySegmentName="seg_0" id="B1D99F5B-D421-3748-DED0-897C58AB53F1" name="TB_ATV_FISICA">
<createdBy>rapha</createdBy>
<createdTime>2021-11-15 21:39:51 UTC</createdTime>
<generatorID>60A4A3B9-7487-D65B-89F2-50CFEAB85745</generatorID>
<ownerDesignName>Atividade_3_7</ownerDesignName>
<allowColumnReorder>false</allowColumnReorder>
<existDependencyGenerateInDDl>true</existDependencyGenerateInDDl>
<parsed>true</parsed>
<columns itemClass="oracle.dbtools.crest.model.design.relational.Column">
<Column name="id_atv" id="A2FF323A-BAC0-4367-700A-AE5303AB8192">
<createdBy>rapha</createdBy>
<createdTime>2021-11-15 21:39:51 UTC</createdTime>
<generatorID>B3747A48-AF70-EC44-0D65-6DCB7B263E7B</generatorID>
<ownerDesignName>Atividade_3_7</ownerDesignName>
<useDomainConstraints>false</useDomainConstraints>
<use>1</use>
<logicalDatatype>LOGDT024</logicalDatatype>
<dataTypeSize>30</dataTypeSize>
<ownDataTypeParameters>30,,</ownDataTypeParameters>
<autoIncrementCycle>false</autoIncrementCycle>
</Column>
<Column name="tp_atv" id="3AE1F43B-A66B-66FA-B336-53AE7625DDA6">
<createdBy>rapha</createdBy>
<createdTime>2021-11-15 21:39:51 UTC</createdTime>
<generatorID>F7E0D225-AB04-F7D0-4EEC-BD5CEF097EA3</generatorID>
<ownerDesignName>Atividade_3_7</ownerDesignName>
<useDomainConstraints>false</useDomainConstraints>
<use>1</use>
<logicalDatatype>LOGDT024</logicalDatatype>
<dataTypeSize>30</dataTypeSize>
<ownDataTypeParameters>30,,</ownDataTypeParameters>
<autoIncrementCycle>false</autoIncrementCycle>
</Column>
<Column name="nm_atv" id="D03C908F-E0CC-0040-7897-F4F06D800523">
<createdBy>rapha</createdBy>
<createdTime>2021-11-15 21:39:51 UTC</createdTime>
<generatorID>D7D6B260-BAC9-9F8A-09DB-3D8963D4F005</generatorID>
<ownerDesignName>Atividade_3_7</ownerDesignName>
<nullsAllowed>true</nullsAllowed>
<useDomainConstraints>false</useDomainConstraints>
<use>1</use>
<logicalDatatype>LOGDT024</logicalDatatype>
<dataTypeSize>30</dataTypeSize>
<ownDataTypeParameters>30,,</ownDataTypeParameters>
<autoIncrementCycle>false</autoIncrementCycle>
</Column>
<Column name="dt_atv" id="A360C580-1036-708C-F2DD-B818639F4C7A">
<createdBy>rapha</createdBy>
<createdTime>2021-11-15 21:39:51 UTC</createdTime>
<generatorID>8F03D7B6-7EAD-8C37-9132-85856B407D2C</generatorID>
<ownerDesignName>Atividade_3_7</ownerDesignName>
<useDomainConstraints>false</useDomainConstraints>
<use>1</use>
<logicalDatatype>LOGDT008</logicalDatatype>
<ownDataTypeParameters>,,</ownDataTypeParameters>
<autoIncrementCycle>false</autoIncrementCycle>
</Column>
<Column name="gasto_caloria" id="A186D427-AC03-5055-AF6D-0498841028AA">
<createdBy>rapha</createdBy>
<createdTime>2021-11-15 21:39:51 UTC</createdTime>
<generatorID>F45E3775-D1DA-9902-CD85-B7699937C2FD</generatorID>
<ownerDesignName>Atividade_3_7</ownerDesignName>
<useDomainConstraints>false</useDomainConstraints>
<use>1</use>
<logicalDatatype>LOGDT019</logicalDatatype>
<dataTypePrecision>9</dataTypePrecision>
<dataTypeScale>2</dataTypeScale>
<ownDataTypeParameters>,9,2</ownDataTypeParameters>
<autoIncrementCycle>false</autoIncrementCycle>
</Column>
<Column name="TB_USUARIO_id_user" id="11D87D80-D2D1-5A97-0231-B41F90308F9A">
<createdBy>rapha</createdBy>
<createdTime>2021-11-15 21:39:51 UTC</createdTime>
<generatorID>1E3B40B9-D95B-C30D-6174-A51C455CE638</generatorID>
<ownerDesignName>Atividade_3_7</ownerDesignName>
<nullsAllowed>true</nullsAllowed>
<useDomainConstraints>false</useDomainConstraints>
<use>1</use>
<logicalDatatype>LOGDT019</logicalDatatype>
<dataTypePrecision>1000</dataTypePrecision>
<ownDataTypeParameters>,,</ownDataTypeParameters>
<previousColumn>false</previousColumn>
<autoIncrementCycle>false</autoIncrementCycle>
<associations>
<colAssociation fkAssociation="C2BCDCCB-E6BA-FC43-CF9E-89E0B8BBFE2C" referredColumn="49A90168-6B93-7052-9AAE-C94008D61F1F"/>
</associations>
</Column>
</columns>
<indexes itemClass="oracle.dbtools.crest.model.design.relational.Index">
<ind_PK_UK id="D408B38B-23F4-EE76-9BDA-6E8AB09FC013" name="TB_ATV_FISICA_PK">
<createdBy>rapha</createdBy>
<createdTime>2021-11-15 21:39:51 UTC</createdTime>
<generatorID>E1015310-CFB3-4DF5-E647-0CCB2A13A68F</generatorID>
<ownerDesignName>Atividade_3_7</ownerDesignName>
<pk>true</pk>
<indexState>Primary Constraint</indexState>
<isSurrogateKey>false</isSurrogateKey>
<indexColumnUsage>
<colUsage columnID="A2FF323A-BAC0-4367-700A-AE5303AB8192"/>
</indexColumnUsage>
</ind_PK_UK>
<ind_PK_UK id="BEB9E801-EC7C-BA1A-718F-003BC85C7230" name="TB_ATV_FISICA_TB_USUARIO_FK">
<createdBy>rapha</createdBy>
<createdTime>2021-11-15 21:39:51 UTC</createdTime>
<generatorID>E9E45A64-BEDA-AF6A-8FDB-0F82E7935F78</generatorID>
<ownerDesignName>Atividade_3_7</ownerDesignName>
<indexState>Foreign Key</indexState>
<isSurrogateKey>false</isSurrogateKey>
<indexColumnUsage>
<colUsage columnID="11D87D80-D2D1-5A97-0231-B41F90308F9A"/>
</indexColumnUsage>
</ind_PK_UK>
</indexes>
</Table>