<?xml version = '1.0' encoding = 'UTF-8'?>
<Table class="oracle.dbtools.crest.model.design.relational.Table" directorySegmentName="seg_0" id="EC740CE6-6DBD-0714-3A64-1937D36109F9" name="TB_LISTA_PESO">
<createdBy>rapha</createdBy>
<createdTime>2021-11-15 21:39:51 UTC</createdTime>
<generatorID>B2902AB0-56AE-69B3-3778-A863F7361B7D</generatorID>
<ownerDesignName>Atividade_3_7</ownerDesignName>
<allowColumnReorder>false</allowColumnReorder>
<existDependencyGenerateInDDl>true</existDependencyGenerateInDDl>
<parsed>true</parsed>
<columns itemClass="oracle.dbtools.crest.model.design.relational.Column">
<Column name="id_peso" id="9FF74BDC-B6BB-1CEF-34AA-1A344B4DBFB2">
<createdBy>rapha</createdBy>
<createdTime>2021-11-15 21:39:51 UTC</createdTime>
<generatorID>F645D45F-7A18-E6D7-8ACC-88545CDFEF8A</generatorID>
<ownerDesignName>Atividade_3_7</ownerDesignName>
<useDomainConstraints>false</useDomainConstraints>
<use>1</use>
<logicalDatatype>LOGDT019</logicalDatatype>
<dataTypePrecision>5</dataTypePrecision>
<dataTypeScale>2</dataTypeScale>
<ownDataTypeParameters>,5,2</ownDataTypeParameters>
<autoIncrementCycle>false</autoIncrementCycle>
</Column>
<Column name="data" id="B1A69879-6F1B-FA07-5DDF-4231365DADFF">
<createdBy>rapha</createdBy>
<createdTime>2021-11-15 21:39:51 UTC</createdTime>
<generatorID>BD63983A-4553-8457-7031-D0C7ADA22BAA</generatorID>
<ownerDesignName>Atividade_3_7</ownerDesignName>
<useDomainConstraints>false</useDomainConstraints>
<use>1</use>
<logicalDatatype>LOGDT008</logicalDatatype>
<ownDataTypeParameters>,,</ownDataTypeParameters>
<autoIncrementCycle>false</autoIncrementCycle>
</Column>
<Column name="peso" id="507C5028-AD5B-ED0F-89F3-2078C74379A9">
<createdBy>rapha</createdBy>
<createdTime>2021-11-15 21:39:51 UTC</createdTime>
<generatorID>FB2E9E27-9E71-47D0-B1E5-196188CA68D5</generatorID>
<ownerDesignName>Atividade_3_7</ownerDesignName>
<useDomainConstraints>false</useDomainConstraints>
<use>1</use>
<logicalDatatype>LOGDT019</logicalDatatype>
<dataTypePrecision>5</dataTypePrecision>
<dataTypeScale>2</dataTypeScale>
<ownDataTypeParameters>,5,2</ownDataTypeParameters>
<autoIncrementCycle>false</autoIncrementCycle>
</Column>
<Column name="TB_USUARIO_id_user" id="541AFC7D-84B9-0B89-F4BD-61D8AB46B6CB">
<createdBy>rapha</createdBy>
<createdTime>2021-11-15 21:39:51 UTC</createdTime>
<generatorID>18128748-5E0F-61AD-6ED8-334F9CADA89D</generatorID>
<ownerDesignName>Atividade_3_7</ownerDesignName>
<nullsAllowed>true</nullsAllowed>
<useDomainConstraints>false</useDomainConstraints>
<use>1</use>
<logicalDatatype>LOGDT019</logicalDatatype>
<dataTypePrecision>1000</dataTypePrecision>
<ownDataTypeParameters>,,</ownDataTypeParameters>
<previousColumn>false</previousColumn>
<autoIncrementCycle>false</autoIncrementCycle>
<associations>
<colAssociation fkAssociation="1A065BC4-9313-7404-0198-89FA83566340" referredColumn="49A90168-6B93-7052-9AAE-C94008D61F1F"/>
</associations>
</Column>
</columns>
<indexes itemClass="oracle.dbtools.crest.model.design.relational.Index">
<ind_PK_UK id="0243D9C6-E249-CCA7-5836-4B051474789F" name="TB_LISTA_PESO_PK">
<createdBy>rapha</createdBy>
<createdTime>2021-11-15 21:39:51 UTC</createdTime>
<generatorID>4F6B25B0-3EE6-3995-E73B-3BF83EADE326</generatorID>
<ownerDesignName>Atividade_3_7</ownerDesignName>
<pk>true</pk>
<indexState>Primary Constraint</indexState>
<isSurrogateKey>false</isSurrogateKey>
<indexColumnUsage>
<colUsage columnID="9FF74BDC-B6BB-1CEF-34AA-1A344B4DBFB2"/>
</indexColumnUsage>
</ind_PK_UK>
<ind_PK_UK id="769FCC2F-FF07-4F29-EF5F-204F61638018" name="TB_LISTA_PESO_TB_USUARIO_FK">
<createdBy>rapha</createdBy>
<createdTime>2021-11-15 21:39:51 UTC</createdTime>
<generatorID>29FE51FC-E17A-570E-0AF1-5272CBC1B1E3</generatorID>
<ownerDesignName>Atividade_3_7</ownerDesignName>
<indexState>Foreign Key</indexState>
<isSurrogateKey>false</isSurrogateKey>
<indexColumnUsage>
<colUsage columnID="541AFC7D-84B9-0B89-F4BD-61D8AB46B6CB"/>
</indexColumnUsage>
</ind_PK_UK>
</indexes>
</Table>