<?xml version = '1.0' encoding = 'UTF-8'?>
<Table class="oracle.dbtools.crest.model.design.relational.Table" directorySegmentName="seg_0" id="EF4EB020-6A1D-B79F-4D01-550CB85A21D0" name="TB_ALIMENTOS">
<createdBy>rapha</createdBy>
<createdTime>2021-11-15 21:39:51 UTC</createdTime>
<generatorID>4F714EC2-5811-F1BB-DB51-A60EEE2AE67B</generatorID>
<ownerDesignName>Atividade_3_7</ownerDesignName>
<allowColumnReorder>false</allowColumnReorder>
<existDependencyGenerateInDDl>true</existDependencyGenerateInDDl>
<parsed>true</parsed>
<columns itemClass="oracle.dbtools.crest.model.design.relational.Column">
<Column name="id_alimento" id="6C109825-E654-EE0A-D6CA-0B5E2173C2C6">
<createdBy>rapha</createdBy>
<createdTime>2021-11-15 21:39:51 UTC</createdTime>
<generatorID>9319262C-6A40-C3A6-80D9-8ED548C507E4</generatorID>
<ownerDesignName>Atividade_3_7</ownerDesignName>
<useDomainConstraints>false</useDomainConstraints>
<use>1</use>
<logicalDatatype>LOGDT024</logicalDatatype>
<dataTypeSize>30</dataTypeSize>
<ownDataTypeParameters>30,,</ownDataTypeParameters>
<autoIncrementCycle>false</autoIncrementCycle>
</Column>
<Column name="nm_alimento" id="51F3A532-AF07-9E4B-15AA-71FB9F86194D">
<createdBy>rapha</createdBy>
<createdTime>2021-11-15 21:39:51 UTC</createdTime>
<generatorID>4019DE8F-BED9-75C3-6FC5-D05D13B32EB9</generatorID>
<ownerDesignName>Atividade_3_7</ownerDesignName>
<useDomainConstraints>false</useDomainConstraints>
<use>1</use>
<logicalDatatype>LOGDT024</logicalDatatype>
<dataTypeSize>30</dataTypeSize>
<ownDataTypeParameters>30,,</ownDataTypeParameters>
<autoIncrementCycle>false</autoIncrementCycle>
</Column>
<Column name="nm_calorias" id="BDCFF205-DF30-24D0-6859-458659A6D2A2">
<createdBy>rapha</createdBy>
<createdTime>2021-11-15 21:39:51 UTC</createdTime>
<generatorID>F4F2AEFC-A9DE-5AD2-DD7E-0154680A100E</generatorID>
<ownerDesignName>Atividade_3_7</ownerDesignName>
<useDomainConstraints>false</useDomainConstraints>
<use>1</use>
<logicalDatatype>LOGDT019</logicalDatatype>
<dataTypePrecision>7</dataTypePrecision>
<dataTypeScale>2</dataTypeScale>
<ownDataTypeParameters>,7,2</ownDataTypeParameters>
<autoIncrementCycle>false</autoIncrementCycle>
</Column>
</columns>
<indexes itemClass="oracle.dbtools.crest.model.design.relational.Index">
<ind_PK_UK id="441EFB9C-BE49-CD3E-73E8-E7A9317DAD41" name="TB_ALIMENTOS_PK">
<createdBy>rapha</createdBy>
<createdTime>2021-11-15 21:39:51 UTC</createdTime>
<generatorID>891785EE-3625-01A5-C471-9B61454D6790</generatorID>
<ownerDesignName>Atividade_3_7</ownerDesignName>
<pk>true</pk>
<indexState>Primary Constraint</indexState>
<isSurrogateKey>false</isSurrogateKey>
<indexColumnUsage>
<colUsage columnID="6C109825-E654-EE0A-D6CA-0B5E2173C2C6"/>
</indexColumnUsage>
</ind_PK_UK>
</indexes>
</Table>