<?xml version = '1.0' encoding = 'UTF-8'?>
<Diagram class="oracle.dbtools.crest.swingui.logical.DPVLogical" name="Logical" id="C1CB31FE-90D3-57D9-4ACF-10C1BE8477B6">
<createdBy>rapha</createdBy>
<modifiedBy>rapha</modifiedBy>
<createdTime>2021-11-12 20:18:51 UTC</createdTime>
<autoRoute>false</autoRoute>
<boxInbox>true</boxInbox>
<showLegend>false</showLegend>
<showLabels>false</showLabels>
<showRelAttributes>false</showRelAttributes>
<gridEnabled>false</gridEnabled>
<showGrid>false</showGrid>
<diagramColor>-1</diagramColor>
<display>false</display>
<notation>0</notation>
<objectViews>
<OView class="oracle.dbtools.crest.swingui.logical.TVEntity" oid="1D19BFB6-FC00-5AFE-1E5C-3557AD6436E1" otype="Entity" vid="8632A126-B9A6-6298-7E82-A98C9342150A">
<hideElementsInCurrentOnly>false</hideElementsInCurrentOnly>
<bounds x="841" y="82" width="240" height="287"/>
</OView>
<OView class="oracle.dbtools.crest.swingui.logical.TVEntity" oid="34C4ED14-F1E0-90A0-B70D-35B5DFF12253" otype="Entity" vid="4E3B691F-1282-0400-A708-14CE624316E2">
<hideElementsInCurrentOnly>false</hideElementsInCurrentOnly>
<bounds x="561" y="108" width="241" height="134"/>
</OView>
<OView class="oracle.dbtools.crest.swingui.logical.TVEntity" oid="35B3ACB0-8E29-DD23-F450-BB2B46ABE86B" otype="Entity" vid="0298BB44-AC72-30F3-CF5A-08858130E6AE">
<hideElementsInCurrentOnly>false</hideElementsInCurrentOnly>
<bounds x="252" y="92" width="275" height="164"/>
</OView>
<OView class="oracle.dbtools.crest.swingui.logical.TVEntity" oid="6B860508-862D-555F-4EB7-AF7A8D3A4B11" otype="Entity" vid="068A316C-9DCE-2463-C7C3-DDE012C27AE3">
<hideElementsInCurrentOnly>false</hideElementsInCurrentOnly>
<bounds x="1150" y="339" width="173" height="91"/>
</OView>
<OView class="oracle.dbtools.crest.swingui.logical.TVEntity" oid="7F833EC8-EF6B-2EC6-3809-FC1AA4B84DE3" otype="Entity" vid="E1A9EACE-04FD-FD71-F0CC-5ABAB7968CF5">
<hideElementsInCurrentOnly>false</hideElementsInCurrentOnly>
<bounds x="1170" y="196" width="170" height="132"/>
</OView>
<OView class="oracle.dbtools.crest.swingui.logical.TVEntity" oid="82FCDDA9-13BE-85CA-9D17-2833AE9D5997" otype="Entity" vid="F36D6328-1F0C-6500-9A01-1D34DC898733">
<hideElementsInCurrentOnly>false</hideElementsInCurrentOnly>
<bounds x="3" y="1" width="193" height="73"/>
</OView>
<OView class="oracle.dbtools.crest.swingui.logical.TVEntity" oid="94355510-FAE7-680D-E91D-C64872660C97" otype="Entity" vid="D81BFA63-7373-A142-50D0-096760DB62CB">
<hideElementsInCurrentOnly>false</hideElementsInCurrentOnly>
<bounds x="317" y="310" width="205" height="122"/>
</OView>
<OView class="oracle.dbtools.crest.swingui.logical.TVEntity" oid="9C2ADF56-3E78-17D4-6EB7-393D57345205" otype="Entity" vid="D72CF245-97D7-3614-25DA-77E7C436DED0">
<hideElementsInCurrentOnly>false</hideElementsInCurrentOnly>
<bounds x="1170" y="106" width="170" height="77"/>
</OView>
<OView class="oracle.dbtools.crest.swingui.logical.TVEntity" oid="A70196F5-E274-29D2-91C1-AB9B4D59773E" otype="Entity" vid="CE340B0D-0255-A567-3E5B-A57BA7DE244E">
<hideElementsInCurrentOnly>false</hideElementsInCurrentOnly>
<bounds x="20" y="118" width="208" height="148"/>
</OView>
<OView class="oracle.dbtools.crest.swingui.logical.TVEntity" oid="BF070064-F51C-B29F-41CC-3E99A620A3ED" otype="Entity" vid="FA50C799-2E6B-33CB-CBDD-6CD7B2E019A5">
<hideElementsInCurrentOnly>false</hideElementsInCurrentOnly>
<bounds x="1168" y="14" width="170" height="81"/>
</OView>
<OView class="oracle.dbtools.crest.swingui.logical.TVEntity" oid="F136F235-B8DF-7940-2726-8D34CD6365E3" otype="Entity" vid="E09866C9-66CE-0BD4-B3BB-2A8D93E12FF2">
<hideElementsInCurrentOnly>false</hideElementsInCurrentOnly>
<bounds x="641" y="320" width="167" height="77"/>
</OView>
<OView class="oracle.dbtools.crest.swingui.logical.TVEntity" oid="F5AC0EE6-AB0E-3F6B-E5D0-5172B08A9F31" otype="Entity" vid="D6AA6E09-BD3C-CEF1-00BF-EE904A70EB58">
<hideElementsInCurrentOnly>false</hideElementsInCurrentOnly>
<bounds x="42" y="286" width="170" height="110"/>
</OView>
</objectViews>
<connectors>
<Connector class="oracle.dbtools.crest.swingui.logical.TVRelation" oid="1524426C-1E2F-8681-C08C-D0E9751C11BA" otype="Relation" vid_source="068A316C-9DCE-2463-C7C3-DDE012C27AE3" vid_target="8632A126-B9A6-6298-7E82-A98C9342150A">
<hideElementsInCurrentOnly>false</hideElementsInCurrentOnly>
<backgroundColor>-16777216</backgroundColor>
<lineWidth>1</lineWidth>
<points>
<point x="1150" y="339"/>
<point x="1081" y="339"/>
</points>
</Connector>
<Connector class="oracle.dbtools.crest.swingui.logical.TVRelation" oid="4A0EB69D-A1EA-BFF5-0945-386FE649E046" otype="Relation" vid_source="E09866C9-66CE-0BD4-B3BB-2A8D93E12FF2" vid_target="4E3B691F-1282-0400-A708-14CE624316E2">
<hideElementsInCurrentOnly>false</hideElementsInCurrentOnly>
<backgroundColor>-16777216</backgroundColor>
<lineWidth>1</lineWidth>
<points>
<point x="706" y="320"/>
<point x="706" y="242"/>
</points>
</Connector>
<Connector class="oracle.dbtools.crest.swingui.logical.TVRelation" oid="4F57C6BC-0427-605A-58FD-027FB3FAE68E" otype="Relation" vid_source="0298BB44-AC72-30F3-CF5A-08858130E6AE" vid_target="CE340B0D-0255-A567-3E5B-A57BA7DE244E">
<hideElementsInCurrentOnly>false</hideElementsInCurrentOnly>
<backgroundColor>-16777216</backgroundColor>
<lineWidth>1</lineWidth>
<points>
<point x="252" y="142"/>
<point x="228" y="142"/>
</points>
</Connector>
<Connector class="oracle.dbtools.crest.swingui.logical.TVRelation" oid="6CAA2A3A-42B9-E725-28B2-98F3FCA01F39" otype="Relation" vid_source="0298BB44-AC72-30F3-CF5A-08858130E6AE" vid_target="D81BFA63-7373-A142-50D0-096760DB62CB">
<hideElementsInCurrentOnly>false</hideElementsInCurrentOnly>
<backgroundColor>-16777216</backgroundColor>
<lineWidth>1</lineWidth>
<points>
<point x="419" y="256"/>
<point x="419" y="310"/>
</points>
</Connector>
<Connector class="oracle.dbtools.crest.swingui.logical.TVRelation" oid="6E86C614-A657-2938-F4A4-9A5B8417A75A" otype="Relation" vid_source="0298BB44-AC72-30F3-CF5A-08858130E6AE" vid_target="4E3B691F-1282-0400-A708-14CE624316E2">
<hideElementsInCurrentOnly>false</hideElementsInCurrentOnly>
<backgroundColor>-16777216</backgroundColor>
<lineWidth>1</lineWidth>
<points>
<point x="527" y="115"/>
<point x="561" y="115"/>
</points>
</Connector>
<Connector class="oracle.dbtools.crest.swingui.logical.TVRelation" oid="7C4DF70B-A4D5-9A77-DE91-E599414D5B35" otype="Relation" vid_source="8632A126-B9A6-6298-7E82-A98C9342150A" vid_target="4E3B691F-1282-0400-A708-14CE624316E2">
<hideElementsInCurrentOnly>false</hideElementsInCurrentOnly>
<backgroundColor>-16777216</backgroundColor>
<lineWidth>1</lineWidth>
<points>
<point x="841" y="160"/>
<point x="802" y="160"/>
</points>
</Connector>
<Connector class="oracle.dbtools.crest.swingui.logical.TVRelation" oid="B33653D8-3709-B957-0DAB-BF532582E4C4" otype="Relation" vid_source="FA50C799-2E6B-33CB-CBDD-6CD7B2E019A5" vid_target="8632A126-B9A6-6298-7E82-A98C9342150A">
<hideElementsInCurrentOnly>false</hideElementsInCurrentOnly>
<backgroundColor>-16777216</backgroundColor>
<lineWidth>1</lineWidth>
<points>
<point x="1168" y="88"/>
<point x="1081" y="88"/>
</points>
</Connector>
<Connector class="oracle.dbtools.crest.swingui.logical.TVRelation" oid="C1CC8D9F-9778-DED7-066E-040FDAA29290" otype="Relation" vid_source="E1A9EACE-04FD-FD71-F0CC-5ABAB7968CF5" vid_target="8632A126-B9A6-6298-7E82-A98C9342150A">
<hideElementsInCurrentOnly>false</hideElementsInCurrentOnly>
<backgroundColor>-16777216</backgroundColor>
<lineWidth>1</lineWidth>
<points>
<point x="1170" y="292"/>
<point x="1081" y="292"/>
</points>
</Connector>
<Connector class="oracle.dbtools.crest.swingui.logical.TVRelation" oid="DA90342A-40EF-4224-621E-1EDA0946A68E" otype="Relation" vid_source="F36D6328-1F0C-6500-9A01-1D34DC898733" vid_target="CE340B0D-0255-A567-3E5B-A57BA7DE244E">
<hideElementsInCurrentOnly>false</hideElementsInCurrentOnly>
<backgroundColor>-16777216</backgroundColor>
<lineWidth>1</lineWidth>
<points>
<point x="138" y="74"/>
<point x="138" y="118"/>
</points>
</Connector>
<Connector class="oracle.dbtools.crest.swingui.logical.TVRelation" oid="DD34F419-B780-0BCD-FE7A-0E9E4DFFFEAA" otype="Relation" vid_source="D6AA6E09-BD3C-CEF1-00BF-EE904A70EB58" vid_target="D81BFA63-7373-A142-50D0-096760DB62CB">
<hideElementsInCurrentOnly>false</hideElementsInCurrentOnly>
<backgroundColor>-16777216</backgroundColor>
<lineWidth>1</lineWidth>
<points>
<point x="212" y="338"/>
<point x="317" y="338"/>
</points>
</Connector>
<Connector class="oracle.dbtools.crest.swingui.logical.TVRelation" oid="F40B33C8-A419-DF37-32B3-3B0BBF60253E" otype="Relation" vid_source="D72CF245-97D7-3614-25DA-77E7C436DED0" vid_target="8632A126-B9A6-6298-7E82-A98C9342150A">
<hideElementsInCurrentOnly>false</hideElementsInCurrentOnly>
<backgroundColor>-16777216</backgroundColor>
<lineWidth>1</lineWidth>
<points>
<point x="1170" y="114"/>
<point x="1081" y="114"/>
</points>
</Connector>
</connectors>
</Diagram>