<?xml version = '1.0' encoding = 'UTF-8'?>
<Table class="oracle.dbtools.crest.model.design.relational.Table" directorySegmentName="seg_0" id="177505EF-691B-C6A7-6238-BB06E754C253" name="TB_EMAIL">
<createdBy>rapha</createdBy>
<createdTime>2021-11-12 23:38:38 UTC</createdTime>
<generatorID>94355510-FAE7-680D-E91D-C64872660C97</generatorID>
<ownerDesignName>1</ownerDesignName>
<allowColumnReorder>false</allowColumnReorder>
<existDependencyGenerateInDDl>true</existDependencyGenerateInDDl>
<parsed>true</parsed>
<columns itemClass="oracle.dbtools.crest.model.design.relational.Column">
<Column name="EMAIL" id="35A6487C-297F-2D04-BC9E-298F35D19646">
<createdBy>rapha</createdBy>
<createdTime>2021-11-12 23:38:38 UTC</createdTime>
<generatorID>0AFB3748-A6A9-2D6D-DFCA-85F0CE8C3A77</generatorID>
<ownerDesignName>1</ownerDesignName>
<nullsAllowed>true</nullsAllowed>
<useDomainConstraints>false</useDomainConstraints>
<use>1</use>
<logicalDatatype>LOGDT024</logicalDatatype>
<dataTypeSize>50</dataTypeSize>
<ownDataTypeParameters>50,,</ownDataTypeParameters>
<autoIncrementCycle>false</autoIncrementCycle>
</Column>
<Column name="TB_USUARIO_COD_USUARIO" id="A1957C4D-D45F-0B88-1060-EAA52B2A53D5">
<createdBy>rapha</createdBy>
<createdTime>2021-11-12 23:38:38 UTC</createdTime>
<generatorID>5409EC15-512B-9A18-E0EF-25335341922C</generatorID>
<ownerDesignName>1</ownerDesignName>
<useDomainConstraints>false</useDomainConstraints>
<use>1</use>
<logicalDatatype>LOGDT019</logicalDatatype>
<dataTypePrecision>1000</dataTypePrecision>
<ownDataTypeParameters>,,</ownDataTypeParameters>
<previousColumn>false</previousColumn>
<autoIncrementCycle>false</autoIncrementCycle>
<associations>
<colAssociation fkAssociation="478858D7-1DFF-7AF0-6B95-652A7BD62AC1" referredColumn="322BFF42-621F-EC41-9759-805B4B110F5C"/>
</associations>
</Column>
<Column name="ID_EMAIL" id="26BCE3C5-EE9C-D154-1F25-76DB58F6E564">
<createdBy>rapha</createdBy>
<createdTime>2021-11-12 23:38:38 UTC</createdTime>
<generatorID>236EDC4C-F577-73BE-32C5-3CE8192A4384</generatorID>
<ownerDesignName>1</ownerDesignName>
<useDomainConstraints>false</useDomainConstraints>
<use>1</use>
<logicalDatatype>LOGDT019</logicalDatatype>
<ownDataTypeParameters>,,</ownDataTypeParameters>
<autoIncrementCycle>false</autoIncrementCycle>
</Column>
<Column name="TB_TIPO_EMAIL_ID_TIPO_EMAIL" id="25DBD962-E48F-4AB2-7481-7B4EDB19238B">
<createdBy>rapha</createdBy>
<createdTime>2021-11-12 23:38:38 UTC</createdTime>
<generatorID>541FB528-51AE-E216-56A1-26695D68A401</generatorID>
<ownerDesignName>1</ownerDesignName>
<useDomainConstraints>false</useDomainConstraints>
<use>1</use>
<logicalDatatype>LOGDT019</logicalDatatype>
<ownDataTypeParameters>,,</ownDataTypeParameters>
<previousColumn>false</previousColumn>
<autoIncrementCycle>false</autoIncrementCycle>
<associations>
<colAssociation fkAssociation="592BA58F-A4DA-61DE-CB66-325BB2C565FD" referredColumn="6F5AA228-D16E-76D2-594A-511AE329FD9E"/>
</associations>
</Column>
</columns>
<indexes itemClass="oracle.dbtools.crest.model.design.relational.Index">
<ind_PK_UK id="9FB5DB8E-7F60-C925-B4F9-26ACD198681D" name="TB_EMAIL_PK">
<createdBy>rapha</createdBy>
<createdTime>2021-11-12 23:38:38 UTC</createdTime>
<generatorID>F0776CCC-8C44-9C8B-58F3-79F255251DF4</generatorID>
<ownerDesignName>1</ownerDesignName>
<pk>true</pk>
<indexState>Primary Constraint</indexState>
<isSurrogateKey>false</isSurrogateKey>
<indexColumnUsage>
<colUsage columnID="26BCE3C5-EE9C-D154-1F25-76DB58F6E564"/>
</indexColumnUsage>
</ind_PK_UK>
<ind_PK_UK id="1A3D0E21-094B-223C-5923-14DB0D7BAC2A" name="TB_EMAIL_TB_TIPO_EMAIL_FK">
<createdBy>rapha</createdBy>
<createdTime>2021-11-12 23:38:38 UTC</createdTime>
<generatorID>DD34F419-B780-0BCD-FE7A-0E9E4DFFFEAA</generatorID>
<ownerDesignName>1</ownerDesignName>
<indexState>Foreign Key</indexState>
<isSurrogateKey>false</isSurrogateKey>
<indexColumnUsage>
<colUsage columnID="25DBD962-E48F-4AB2-7481-7B4EDB19238B"/>
</indexColumnUsage>
</ind_PK_UK>
<ind_PK_UK id="9D7B1678-73BE-E8D1-80B3-C5261FB9A687" name="TB_EMAIL_TB_USUARIO_FK">
<createdBy>rapha</createdBy>
<createdTime>2021-11-12 23:38:38 UTC</createdTime>
<generatorID>6CAA2A3A-42B9-E725-28B2-98F3FCA01F39</generatorID>
<ownerDesignName>1</ownerDesignName>
<indexState>Foreign Key</indexState>
<isSurrogateKey>false</isSurrogateKey>
<indexColumnUsage>
<colUsage columnID="A1957C4D-D45F-0B88-1060-EAA52B2A53D5"/>
</indexColumnUsage>
</ind_PK_UK>
</indexes>
</Table>