<?xml version = '1.0' encoding = 'UTF-8'?>
<Table class="oracle.dbtools.crest.model.design.relational.Table" directorySegmentName="seg_0" id="26D27BB4-FBE6-D9A2-268A-6EC330972FCF" name="TB_USUARIO">
<createdBy>rapha</createdBy>
<createdTime>2021-11-12 23:38:38 UTC</createdTime>
<generatorID>35B3ACB0-8E29-DD23-F450-BB2B46ABE86B</generatorID>
<ownerDesignName>1</ownerDesignName>
<allowColumnReorder>false</allowColumnReorder>
<existDependencyGenerateInDDl>true</existDependencyGenerateInDDl>
<parsed>true</parsed>
<columns itemClass="oracle.dbtools.crest.model.design.relational.Column">
<Column name="COD_USUARIO" id="322BFF42-621F-EC41-9759-805B4B110F5C">
<createdBy>rapha</createdBy>
<createdTime>2021-11-12 23:38:38 UTC</createdTime>
<generatorID>046DF9CB-23DF-CC55-E9B6-2D968D14DDB6</generatorID>
<ownerDesignName>1</ownerDesignName>
<useDomainConstraints>false</useDomainConstraints>
<use>1</use>
<logicalDatatype>LOGDT019</logicalDatatype>
<dataTypePrecision>1000</dataTypePrecision>
<ownDataTypeParameters>,1000,</ownDataTypeParameters>
<autoIncrementCycle>false</autoIncrementCycle>
</Column>
<Column name="NOME_USUARIO" id="9F66E4D7-546E-30A3-6BDD-C1ACB1EE832B">
<createdBy>rapha</createdBy>
<createdTime>2021-11-12 23:38:38 UTC</createdTime>
<generatorID>3FF58D46-0A7B-57B1-3DE6-8F4F8287E340</generatorID>
<ownerDesignName>1</ownerDesignName>
<useDomainConstraints>false</useDomainConstraints>
<use>1</use>
<logicalDatatype>LOGDT024</logicalDatatype>
<dataTypeSize>50</dataTypeSize>
<ownDataTypeParameters>50,,</ownDataTypeParameters>
<autoIncrementCycle>false</autoIncrementCycle>
</Column>
<Column name="COMPLEMENTO_USUARIO" id="22DABE4E-073A-384B-4B51-F71C39AB4BEA">
<createdBy>rapha</createdBy>
<createdTime>2021-11-12 23:38:38 UTC</createdTime>
<generatorID>C49291CF-9B91-1BE5-1BB8-ACDA556C243E</generatorID>
<ownerDesignName>1</ownerDesignName>
<nullsAllowed>true</nullsAllowed>
<useDomainConstraints>false</useDomainConstraints>
<use>1</use>
<logicalDatatype>LOGDT024</logicalDatatype>
<dataTypeSize>50</dataTypeSize>
<ownDataTypeParameters>50,,</ownDataTypeParameters>
<autoIncrementCycle>false</autoIncrementCycle>
</Column>
</columns>
<indexes itemClass="oracle.dbtools.crest.model.design.relational.Index">
<ind_PK_UK id="87722C22-EB9F-B2E5-33CB-B997652C8EF2" name="TB_USUARIO_PK">
<createdBy>rapha</createdBy>
<createdTime>2021-11-12 23:38:38 UTC</createdTime>
<generatorID>B85F02A5-18D7-0633-E974-674B97BB909C</generatorID>
<ownerDesignName>1</ownerDesignName>
<pk>true</pk>
<indexState>Primary Constraint</indexState>
<isSurrogateKey>false</isSurrogateKey>
<indexColumnUsage>
<colUsage columnID="322BFF42-621F-EC41-9759-805B4B110F5C"/>
</indexColumnUsage>
</ind_PK_UK>
</indexes>
</Table>