<?xml version = '1.0' encoding = 'UTF-8'?>
<Table class="oracle.dbtools.crest.model.design.relational.Table" directorySegmentName="seg_0" id="4213BB43-8A7B-2B41-2342-EF4E36954C58" name="TB_ENDERECOS">
<createdBy>rapha</createdBy>
<createdTime>2021-11-12 23:38:38 UTC</createdTime>
<generatorID>34C4ED14-F1E0-90A0-B70D-35B5DFF12253</generatorID>
<ownerDesignName>1</ownerDesignName>
<allowColumnReorder>false</allowColumnReorder>
<existDependencyGenerateInDDl>true</existDependencyGenerateInDDl>
<parsed>true</parsed>
<columns itemClass="oracle.dbtools.crest.model.design.relational.Column">
<Column name="TB_TP_END_ID_TP_END" id="AAF21F58-53AD-92D0-DA90-3CCA30F3A874">
<createdBy>rapha</createdBy>
<createdTime>2021-11-12 23:38:38 UTC</createdTime>
<generatorID>6C646949-94C6-0B3D-821A-C3496B377D7F</generatorID>
<ownerDesignName>1</ownerDesignName>
<useDomainConstraints>false</useDomainConstraints>
<use>1</use>
<logicalDatatype>LOGDT019</logicalDatatype>
<ownDataTypeParameters>,,</ownDataTypeParameters>
<previousColumn>false</previousColumn>
<autoIncrementCycle>false</autoIncrementCycle>
<associations>
<colAssociation fkAssociation="346CB7E2-BCB9-CA54-119C-5ABE057BCCB3" referredColumn="6BD9CAE5-046D-EBD8-6AB0-B7A634FC710B"/>
</associations>
</Column>
<Column name="TB_LOGRADOURO_ID_LOGRADOURO" id="2CACD7F8-22D7-11CC-49D2-F6F8EE1EC4B7">
<createdBy>rapha</createdBy>
<createdTime>2021-11-12 23:38:38 UTC</createdTime>
<generatorID>A2B139E5-5581-2C10-C6C7-95DA7FB7DDC2</generatorID>
<ownerDesignName>1</ownerDesignName>
<useDomainConstraints>false</useDomainConstraints>
<use>1</use>
<logicalDatatype>LOGDT019</logicalDatatype>
<ownDataTypeParameters>,,</ownDataTypeParameters>
<previousColumn>false</previousColumn>
<autoIncrementCycle>false</autoIncrementCycle>
<associations>
<colAssociation fkAssociation="F55DE704-AC57-10AC-291E-576D8FB6C41D" referredColumn="FAA3D74C-594F-58F4-6512-89EE118C9AF8"/>
</associations>
</Column>
<Column name="TB_USUARIO_COD_USUARIO" id="A5A93F45-F9F0-586A-3453-6BA4BA48EBBD">
<createdBy>rapha</createdBy>
<createdTime>2021-11-12 23:38:38 UTC</createdTime>
<generatorID>35BB38A4-D1D6-7607-5D33-5B2BF421A599</generatorID>
<ownerDesignName>1</ownerDesignName>
<useDomainConstraints>false</useDomainConstraints>
<use>1</use>
<logicalDatatype>LOGDT019</logicalDatatype>
<dataTypePrecision>1000</dataTypePrecision>
<ownDataTypeParameters>,,</ownDataTypeParameters>
<previousColumn>false</previousColumn>
<autoIncrementCycle>false</autoIncrementCycle>
<associations>
<colAssociation fkAssociation="F0301F7C-F3E6-B6D9-904F-CDCDAB3DADC9" referredColumn="322BFF42-621F-EC41-9759-805B4B110F5C"/>
</associations>
</Column>
</columns>
<indexes itemClass="oracle.dbtools.crest.model.design.relational.Index">
<ind_PK_UK id="BD76BBCD-D9FB-0761-0F5C-536CCA46299F" name="TB_ENDERECOS_TB_USUARIO_FK">
<createdBy>rapha</createdBy>
<createdTime>2021-11-12 23:38:38 UTC</createdTime>
<generatorID>6E86C614-A657-2938-F4A4-9A5B8417A75A</generatorID>
<ownerDesignName>1</ownerDesignName>
<indexState>Foreign Key</indexState>
<isSurrogateKey>false</isSurrogateKey>
<indexColumnUsage>
<colUsage columnID="A5A93F45-F9F0-586A-3453-6BA4BA48EBBD"/>
</indexColumnUsage>
</ind_PK_UK>
<ind_PK_UK id="69252FA9-EAE7-30AA-34A8-FC05C2E2D74A" name="TB_ENDERECOS_TB_LOGRADOURO_FK">
<createdBy>rapha</createdBy>
<createdTime>2021-11-12 23:38:38 UTC</createdTime>
<generatorID>7C4DF70B-A4D5-9A77-DE91-E599414D5B35</generatorID>
<ownerDesignName>1</ownerDesignName>
<indexState>Foreign Key</indexState>
<isSurrogateKey>false</isSurrogateKey>
<indexColumnUsage>
<colUsage columnID="2CACD7F8-22D7-11CC-49D2-F6F8EE1EC4B7"/>
</indexColumnUsage>
</ind_PK_UK>
<ind_PK_UK id="4F4B84F6-E5B1-7CFE-0092-BA4B85A98F86" name="TB_ENDERECOS_TB_TP_END_FK">
<createdBy>rapha</createdBy>
<createdTime>2021-11-12 23:38:38 UTC</createdTime>
<generatorID>4A0EB69D-A1EA-BFF5-0945-386FE649E046</generatorID>
<ownerDesignName>1</ownerDesignName>
<indexState>Foreign Key</indexState>
<isSurrogateKey>false</isSurrogateKey>
<indexColumnUsage>
<colUsage columnID="AAF21F58-53AD-92D0-DA90-3CCA30F3A874"/>
</indexColumnUsage>
</ind_PK_UK>
</indexes>
</Table>