<?xml version = '1.0' encoding = 'UTF-8'?>
<Table class="oracle.dbtools.crest.model.design.relational.Table" directorySegmentName="seg_0" id="8A3A998D-CA1F-AB45-918A-3F99695BB1E2" name="TB_TP_END">
<createdBy>rapha</createdBy>
<createdTime>2021-11-12 23:38:38 UTC</createdTime>
<generatorID>F136F235-B8DF-7940-2726-8D34CD6365E3</generatorID>
<ownerDesignName>1</ownerDesignName>
<allowColumnReorder>false</allowColumnReorder>
<existDependencyGenerateInDDl>true</existDependencyGenerateInDDl>
<parsed>true</parsed>
<columns itemClass="oracle.dbtools.crest.model.design.relational.Column">
<Column name="ID_TP_END" id="6BD9CAE5-046D-EBD8-6AB0-B7A634FC710B">
<createdBy>rapha</createdBy>
<createdTime>2021-11-12 23:38:38 UTC</createdTime>
<generatorID>12F6FFDE-3755-3618-E484-CC7077DF8A5F</generatorID>
<ownerDesignName>1</ownerDesignName>
<useDomainConstraints>false</useDomainConstraints>
<use>1</use>
<logicalDatatype>LOGDT019</logicalDatatype>
<ownDataTypeParameters>,,</ownDataTypeParameters>
<autoIncrementCycle>false</autoIncrementCycle>
</Column>
<Column name="DESC_TP_END" id="B6ABAD79-F10B-6E3A-328E-FC9A285BBC81">
<createdBy>rapha</createdBy>
<createdTime>2021-11-12 23:38:38 UTC</createdTime>
<generatorID>D579797B-0A74-5FBF-9375-0CAF35F3BD55</generatorID>
<ownerDesignName>1</ownerDesignName>
<nullsAllowed>true</nullsAllowed>
<useDomainConstraints>false</useDomainConstraints>
<use>1</use>
<logicalDatatype>LOGDT024</logicalDatatype>
<dataTypeSize>50</dataTypeSize>
<ownDataTypeParameters>50,,</ownDataTypeParameters>
<autoIncrementCycle>false</autoIncrementCycle>
</Column>
</columns>
<indexes itemClass="oracle.dbtools.crest.model.design.relational.Index">
<ind_PK_UK id="FF9B588A-0E91-3E74-F069-2C1317577F4D" name="TB_TP_END_PK">
<createdBy>rapha</createdBy>
<createdTime>2021-11-12 23:38:38 UTC</createdTime>
<generatorID>8107CDF0-9F8E-68FD-3342-51B2F23201CA</generatorID>
<ownerDesignName>1</ownerDesignName>
<pk>true</pk>
<indexState>Primary Constraint</indexState>
<isSurrogateKey>false</isSurrogateKey>
<indexColumnUsage>
<colUsage columnID="6BD9CAE5-046D-EBD8-6AB0-B7A634FC710B"/>
</indexColumnUsage>
</ind_PK_UK>
</indexes>
</Table>