<?xml version = '1.0' encoding = 'UTF-8'?>
<Table class="oracle.dbtools.crest.model.design.relational.Table" directorySegmentName="seg_0" id="8D41DA95-D773-9158-466A-BD31F3899E19" name="TB_LOGRADOURO">
<createdBy>rapha</createdBy>
<createdTime>2021-11-12 23:38:38 UTC</createdTime>
<generatorID>1D19BFB6-FC00-5AFE-1E5C-3557AD6436E1</generatorID>
<ownerDesignName>1</ownerDesignName>
<allowColumnReorder>false</allowColumnReorder>
<existDependencyGenerateInDDl>true</existDependencyGenerateInDDl>
<parsed>true</parsed>
<columns itemClass="oracle.dbtools.crest.model.design.relational.Column">
<Column name="RUA" id="55F59889-1ADD-8CE4-8221-153E6DF2C10E">
<createdBy>rapha</createdBy>
<createdTime>2021-11-12 23:38:38 UTC</createdTime>
<generatorID>2265B380-E0B0-695E-8B48-5AE96793E059</generatorID>
<ownerDesignName>1</ownerDesignName>
<nullsAllowed>true</nullsAllowed>
<useDomainConstraints>false</useDomainConstraints>
<use>1</use>
<logicalDatatype>LOGDT024</logicalDatatype>
<dataTypeSize>100</dataTypeSize>
<ownDataTypeParameters>100,,</ownDataTypeParameters>
<autoIncrementCycle>false</autoIncrementCycle>
</Column>
<Column name="CEP" id="537B0D56-467C-AD28-D5D9-7B06E355214F">
<createdBy>rapha</createdBy>
<createdTime>2021-11-12 23:38:38 UTC</createdTime>
<generatorID>33909934-D7B7-C851-500A-BFC758A0CE95</generatorID>
<ownerDesignName>1</ownerDesignName>
<nullsAllowed>true</nullsAllowed>
<useDomainConstraints>false</useDomainConstraints>
<use>1</use>
<logicalDatatype>LOGDT019</logicalDatatype>
<dataTypePrecision>8</dataTypePrecision>
<ownDataTypeParameters>,8,</ownDataTypeParameters>
<autoIncrementCycle>false</autoIncrementCycle>
</Column>
<Column name="ID_LOGRADOURO" id="FAA3D74C-594F-58F4-6512-89EE118C9AF8">
<createdBy>rapha</createdBy>
<createdTime>2021-11-12 23:38:38 UTC</createdTime>
<generatorID>AF4FDDD8-4072-616B-ADD3-2FFA3BCC5F9D</generatorID>
<ownerDesignName>1</ownerDesignName>
<useDomainConstraints>false</useDomainConstraints>
<use>1</use>
<logicalDatatype>LOGDT019</logicalDatatype>
<ownDataTypeParameters>,,</ownDataTypeParameters>
<autoIncrementCycle>false</autoIncrementCycle>
</Column>
<Column name="TB_BAIRRO_ID_BAIRRO" id="C6EE7E74-04B8-D521-045E-EAB315D6E0B0">
<createdBy>rapha</createdBy>
<createdTime>2021-11-12 23:38:38 UTC</createdTime>
<generatorID>7927E0D2-BEF5-F517-1BFD-D032DE45EB21</generatorID>
<ownerDesignName>1</ownerDesignName>
<useDomainConstraints>false</useDomainConstraints>
<use>1</use>
<logicalDatatype>LOGDT019</logicalDatatype>
<ownDataTypeParameters>,,</ownDataTypeParameters>
<previousColumn>false</previousColumn>
<autoIncrementCycle>false</autoIncrementCycle>
<associations>
<colAssociation fkAssociation="138501E3-3D70-7A52-90B9-10891D3BCC99" referredColumn="CEA2A700-9FF2-05A1-AF75-5E787FC233A8"/>
</associations>
</Column>
<Column name="TB_ESTADO_ID_ESTADO" id="042C19D5-1DA6-5BD6-9E0F-0556503AB3A8">
<createdBy>rapha</createdBy>
<createdTime>2021-11-12 23:38:38 UTC</createdTime>
<generatorID>483B2E5F-703B-1D38-DBEE-AE1A0207E58F</generatorID>
<ownerDesignName>1</ownerDesignName>
<useDomainConstraints>false</useDomainConstraints>
<use>1</use>
<logicalDatatype>LOGDT019</logicalDatatype>
<ownDataTypeParameters>,,</ownDataTypeParameters>
<previousColumn>false</previousColumn>
<autoIncrementCycle>false</autoIncrementCycle>
<associations>
<colAssociation fkAssociation="52D63F9A-A592-3FA2-EAD8-1EB33407990D" referredColumn="13D19C7D-F231-286B-A8E1-5EC949F13A87"/>
</associations>
</Column>
<Column name="TB_PAIS_ID_PAIS" id="B0ADE6B5-3C51-3C83-CD54-85DD94FB4570">
<createdBy>rapha</createdBy>
<createdTime>2021-11-12 23:38:38 UTC</createdTime>
<generatorID>0E55DEC8-6D82-6E03-D511-976DEEE317EF</generatorID>
<ownerDesignName>1</ownerDesignName>
<useDomainConstraints>false</useDomainConstraints>
<use>1</use>
<logicalDatatype>LOGDT019</logicalDatatype>
<ownDataTypeParameters>,,</ownDataTypeParameters>
<previousColumn>false</previousColumn>
<autoIncrementCycle>false</autoIncrementCycle>
<associations>
<colAssociation fkAssociation="3B6F9E3F-21DD-86D4-0417-73E199E3C6A1" referredColumn="188EF588-1DB5-15D7-C0EB-29A7C5E84255"/>
</associations>
</Column>
<Column name="TB_CIDADE_ID_CIDADE" id="085D14E7-F530-EDD5-0532-17E943D8879D">
<createdBy>rapha</createdBy>
<createdTime>2021-11-12 23:38:38 UTC</createdTime>
<generatorID>A5041BFC-3138-6593-0EAB-1D49A47D5705</generatorID>
<ownerDesignName>1</ownerDesignName>
<useDomainConstraints>false</useDomainConstraints>
<use>1</use>
<logicalDatatype>LOGDT019</logicalDatatype>
<ownDataTypeParameters>,,</ownDataTypeParameters>
<previousColumn>false</previousColumn>
<autoIncrementCycle>false</autoIncrementCycle>
<associations>
<colAssociation fkAssociation="662EF3B9-E169-DA10-1270-8AD37C72B5E7" referredColumn="34D2A85B-C866-06E9-55B1-AD8EA2938024"/>
</associations>
</Column>
</columns>
<indexes itemClass="oracle.dbtools.crest.model.design.relational.Index">
<ind_PK_UK id="DC1D44FD-BE19-93BA-8B41-AFF8C43CD4EC" name="TB_LOGRADOURO_PK">
<createdBy>rapha</createdBy>
<createdTime>2021-11-12 23:38:38 UTC</createdTime>
<generatorID>F9764D0C-CB69-2968-4A29-544827E052C3</generatorID>
<ownerDesignName>1</ownerDesignName>
<pk>true</pk>
<indexState>Primary Constraint</indexState>
<isSurrogateKey>false</isSurrogateKey>
<indexColumnUsage>
<colUsage columnID="FAA3D74C-594F-58F4-6512-89EE118C9AF8"/>
</indexColumnUsage>
</ind_PK_UK>
<ind_PK_UK id="28866093-9366-4476-9C81-7DBFD598D4D9" name="TB_LOGRADOURO_TB_BAIRRO_FK">
<createdBy>rapha</createdBy>
<createdTime>2021-11-12 23:38:38 UTC</createdTime>
<generatorID>B33653D8-3709-B957-0DAB-BF532582E4C4</generatorID>
<ownerDesignName>1</ownerDesignName>
<indexState>Foreign Key</indexState>
<isSurrogateKey>false</isSurrogateKey>
<indexColumnUsage>
<colUsage columnID="C6EE7E74-04B8-D521-045E-EAB315D6E0B0"/>
</indexColumnUsage>
</ind_PK_UK>
<ind_PK_UK id="381A577F-0CEA-CC68-A6AA-4F93F5218A4B" name="TB_LOGRADOURO_TB_ESTADO_FK">
<createdBy>rapha</createdBy>
<createdTime>2021-11-12 23:38:38 UTC</createdTime>
<generatorID>F40B33C8-A419-DF37-32B3-3B0BBF60253E</generatorID>
<ownerDesignName>1</ownerDesignName>
<indexState>Foreign Key</indexState>
<isSurrogateKey>false</isSurrogateKey>
<indexColumnUsage>
<colUsage columnID="042C19D5-1DA6-5BD6-9E0F-0556503AB3A8"/>
</indexColumnUsage>
</ind_PK_UK>
<ind_PK_UK id="B586A05C-2322-1D36-20EB-DD40756B5BC4" name="TB_LOGRADOURO_TB_PAIS_FK">
<createdBy>rapha</createdBy>
<createdTime>2021-11-12 23:38:38 UTC</createdTime>
<generatorID>C1CC8D9F-9778-DED7-066E-040FDAA29290</generatorID>
<ownerDesignName>1</ownerDesignName>
<indexState>Foreign Key</indexState>
<isSurrogateKey>false</isSurrogateKey>
<indexColumnUsage>
<colUsage columnID="B0ADE6B5-3C51-3C83-CD54-85DD94FB4570"/>
</indexColumnUsage>
</ind_PK_UK>
<ind_PK_UK id="BA4E2F21-8A22-A975-4F31-9338917FB24D" name="TB_LOGRADOURO_TB_CIDADE_FK">
<createdBy>rapha</createdBy>
<createdTime>2021-11-12 23:38:38 UTC</createdTime>
<generatorID>1524426C-1E2F-8681-C08C-D0E9751C11BA</generatorID>
<ownerDesignName>1</ownerDesignName>
<indexState>Foreign Key</indexState>
<isSurrogateKey>false</isSurrogateKey>
<indexColumnUsage>
<colUsage columnID="085D14E7-F530-EDD5-0532-17E943D8879D"/>
</indexColumnUsage>
</ind_PK_UK>
</indexes>
</Table>