<?xml version = '1.0' encoding = 'UTF-8'?>
<Table class="oracle.dbtools.crest.model.design.relational.Table" directorySegmentName="seg_0" id="95DDD536-9249-A394-0CCB-E730182F876A" name="TB_PAIS">
<createdBy>rapha</createdBy>
<createdTime>2021-11-12 23:38:38 UTC</createdTime>
<generatorID>7F833EC8-EF6B-2EC6-3809-FC1AA4B84DE3</generatorID>
<ownerDesignName>1</ownerDesignName>
<allowColumnReorder>false</allowColumnReorder>
<existDependencyGenerateInDDl>true</existDependencyGenerateInDDl>
<parsed>true</parsed>
<columns itemClass="oracle.dbtools.crest.model.design.relational.Column">
<Column name="NOME_PAIS" id="6F0F7108-755D-EEA0-0727-4FC2D689164F">
<createdBy>rapha</createdBy>
<createdTime>2021-11-12 23:38:38 UTC</createdTime>
<generatorID>FA25DA74-95E9-37EE-012D-D4D71ED141BD</generatorID>
<ownerDesignName>1</ownerDesignName>
<nullsAllowed>true</nullsAllowed>
<useDomainConstraints>false</useDomainConstraints>
<use>1</use>
<logicalDatatype>LOGDT024</logicalDatatype>
<dataTypeSize>20</dataTypeSize>
<ownDataTypeParameters>20,,</ownDataTypeParameters>
<autoIncrementCycle>false</autoIncrementCycle>
</Column>
<Column name="ID_PAIS" id="188EF588-1DB5-15D7-C0EB-29A7C5E84255">
<createdBy>rapha</createdBy>
<createdTime>2021-11-12 23:38:38 UTC</createdTime>
<generatorID>7D6963DF-C8AB-999E-EB96-50EDF742EF3B</generatorID>
<ownerDesignName>1</ownerDesignName>
<useDomainConstraints>false</useDomainConstraints>
<use>1</use>
<logicalDatatype>LOGDT019</logicalDatatype>
<ownDataTypeParameters>,,</ownDataTypeParameters>
<autoIncrementCycle>false</autoIncrementCycle>
</Column>
</columns>
<indexes itemClass="oracle.dbtools.crest.model.design.relational.Index">
<ind_PK_UK id="BED39271-FC7D-BE24-210E-AB7190875D7E" name="TB_PAIS_PK">
<createdBy>rapha</createdBy>
<createdTime>2021-11-12 23:38:38 UTC</createdTime>
<generatorID>FA41F454-2753-ABEC-68D8-0060B91BF1CA</generatorID>
<ownerDesignName>1</ownerDesignName>
<pk>true</pk>
<indexState>Primary Constraint</indexState>
<isSurrogateKey>false</isSurrogateKey>
<indexColumnUsage>
<colUsage columnID="188EF588-1DB5-15D7-C0EB-29A7C5E84255"/>
</indexColumnUsage>
</ind_PK_UK>
</indexes>
</Table>