<?xml version = '1.0' encoding = 'UTF-8'?>
<Table class="oracle.dbtools.crest.model.design.relational.Table" directorySegmentName="seg_0" id="E179C38A-D8D4-1F21-D9CD-5E772D4C9C07" name="TB_TELEFONE">
<createdBy>rapha</createdBy>
<createdTime>2021-11-12 23:38:38 UTC</createdTime>
<generatorID>A70196F5-E274-29D2-91C1-AB9B4D59773E</generatorID>
<ownerDesignName>1</ownerDesignName>
<allowColumnReorder>false</allowColumnReorder>
<existDependencyGenerateInDDl>true</existDependencyGenerateInDDl>
<parsed>true</parsed>
<columns itemClass="oracle.dbtools.crest.model.design.relational.Column">
<Column name="TEL_NUMERO" id="94D4B29C-4792-1750-DB47-61465E516638">
<createdBy>rapha</createdBy>
<createdTime>2021-11-12 23:38:38 UTC</createdTime>
<generatorID>0BB010AE-5DA0-3869-DCA8-EAFDDFEFCD1C</generatorID>
<ownerDesignName>1</ownerDesignName>
<useDomainConstraints>false</useDomainConstraints>
<use>1</use>
<logicalDatatype>LOGDT019</logicalDatatype>
<dataTypePrecision>9</dataTypePrecision>
<ownDataTypeParameters>,9,</ownDataTypeParameters>
<autoIncrementCycle>false</autoIncrementCycle>
</Column>
<Column name="DDD" id="FE181B3F-B99D-4EEB-0248-028616D68EC0">
<createdBy>rapha</createdBy>
<createdTime>2021-11-12 23:38:38 UTC</createdTime>
<generatorID>51BD6429-14F9-59D2-DD0F-85BB34D96003</generatorID>
<ownerDesignName>1</ownerDesignName>
<nullsAllowed>true</nullsAllowed>
<useDomainConstraints>false</useDomainConstraints>
<use>1</use>
<logicalDatatype>LOGDT019</logicalDatatype>
<dataTypePrecision>2</dataTypePrecision>
<ownDataTypeParameters>,2,</ownDataTypeParameters>
<autoIncrementCycle>false</autoIncrementCycle>
</Column>
<Column name="ID_TELEFONE" id="20B00A20-5A38-0805-9A27-C5795248832D">
<createdBy>rapha</createdBy>
<createdTime>2021-11-12 23:38:38 UTC</createdTime>
<generatorID>88114445-1B3B-35BA-9729-5212504BC555</generatorID>
<ownerDesignName>1</ownerDesignName>
<useDomainConstraints>false</useDomainConstraints>
<use>1</use>
<logicalDatatype>LOGDT019</logicalDatatype>
<ownDataTypeParameters>,,</ownDataTypeParameters>
<autoIncrementCycle>false</autoIncrementCycle>
</Column>
<Column name="TIPO_TELEFONE_ID_TP_TEL" id="599499A3-A7CF-184D-C396-A78A595C42F8">
<createdBy>rapha</createdBy>
<createdTime>2021-11-12 23:38:38 UTC</createdTime>
<generatorID>91A687C2-295A-8B77-F0B5-1615265EBA86</generatorID>
<ownerDesignName>1</ownerDesignName>
<useDomainConstraints>false</useDomainConstraints>
<use>1</use>
<logicalDatatype>LOGDT019</logicalDatatype>
<ownDataTypeParameters>,,</ownDataTypeParameters>
<previousColumn>false</previousColumn>
<autoIncrementCycle>false</autoIncrementCycle>
<associations>
<colAssociation fkAssociation="71786F1D-2380-170D-95E7-F40EC115DC1A" referredColumn="7F1CEFB2-7CAA-6455-BD30-A23357D7164D"/>
</associations>
</Column>
<Column name="TB_USUARIO_COD_USUARIO" id="B8AA23D7-244A-FBAA-36A8-FD257F368146">
<createdBy>rapha</createdBy>
<createdTime>2021-11-12 23:38:38 UTC</createdTime>
<generatorID>479C0E71-97D9-B043-BD46-158F486ED999</generatorID>
<ownerDesignName>1</ownerDesignName>
<useDomainConstraints>false</useDomainConstraints>
<use>1</use>
<logicalDatatype>LOGDT019</logicalDatatype>
<dataTypePrecision>1000</dataTypePrecision>
<ownDataTypeParameters>,,</ownDataTypeParameters>
<previousColumn>false</previousColumn>
<autoIncrementCycle>false</autoIncrementCycle>
<associations>
<colAssociation fkAssociation="72CCBD91-2EE0-F04A-F73B-7588A8C1CFB9" referredColumn="322BFF42-621F-EC41-9759-805B4B110F5C"/>
</associations>
</Column>
</columns>
<indexes itemClass="oracle.dbtools.crest.model.design.relational.Index">
<ind_PK_UK id="5394BCDE-4DAA-BE2B-9CDB-E0C9B5027C9B" name="TB_TELEFONE_PK">
<createdBy>rapha</createdBy>
<createdTime>2021-11-12 23:38:38 UTC</createdTime>
<generatorID>9D26B711-5055-1B40-E9E6-7F450719DC9F</generatorID>
<ownerDesignName>1</ownerDesignName>
<pk>true</pk>
<indexState>Primary Constraint</indexState>
<isSurrogateKey>false</isSurrogateKey>
<indexColumnUsage>
<colUsage columnID="20B00A20-5A38-0805-9A27-C5795248832D"/>
</indexColumnUsage>
</ind_PK_UK>
<ind_PK_UK id="2CC11A42-B800-1F1C-1619-42E18B4B9123" name="TB_TELEFONE_TIPO_TELEFONE_FK">
<createdBy>rapha</createdBy>
<createdTime>2021-11-12 23:38:38 UTC</createdTime>
<generatorID>DA90342A-40EF-4224-621E-1EDA0946A68E</generatorID>
<ownerDesignName>1</ownerDesignName>
<indexState>Foreign Key</indexState>
<isSurrogateKey>false</isSurrogateKey>
<indexColumnUsage>
<colUsage columnID="599499A3-A7CF-184D-C396-A78A595C42F8"/>
</indexColumnUsage>
</ind_PK_UK>
<ind_PK_UK id="944F25B1-F035-5575-5662-573E5A44AA04" name="TB_TELEFONE_TB_USUARIO_FK">
<createdBy>rapha</createdBy>
<createdTime>2021-11-12 23:38:38 UTC</createdTime>
<generatorID>4F57C6BC-0427-605A-58FD-027FB3FAE68E</generatorID>
<ownerDesignName>1</ownerDesignName>
<indexState>Foreign Key</indexState>
<isSurrogateKey>false</isSurrogateKey>
<indexColumnUsage>
<colUsage columnID="B8AA23D7-244A-FBAA-36A8-FD257F368146"/>
</indexColumnUsage>
</ind_PK_UK>
</indexes>
</Table>