<?xml version = '1.0' encoding = 'UTF-8'?>
<Diagram class="oracle.dbtools.crest.swingui.relational.DPVRelational" name="Relational_1" id="D28E76F1-9B5F-5D56-B095-B67B72D61B94">
<createdBy>rapha</createdBy>
<modifiedBy>rapha</modifiedBy>
<createdTime>2021-11-12 20:28:01 UTC</createdTime>
<autoRoute>false</autoRoute>
<boxInbox>true</boxInbox>
<showLegend>false</showLegend>
<showLabels>false</showLabels>
<showRelAttributes>false</showRelAttributes>
<gridEnabled>false</gridEnabled>
<showGrid>false</showGrid>
<diagramColor>-1</diagramColor>
<display>false</display>
<notation>1</notation>
<showClassificationTypes>true</showClassificationTypes>
<objectViews>
<OView class="oracle.dbtools.crest.swingui.relational.TVTable" oid="177505EF-691B-C6A7-6238-BB06E754C253" otype="Table" vid="95E20C1F-723B-DC3A-EFF8-613A3D612F52">
<hideElementsInCurrentOnly>false</hideElementsInCurrentOnly>
<bounds x="327" y="377" width="359" height="163"/>
</OView>
<OView class="oracle.dbtools.crest.swingui.relational.TVTable" oid="26D27BB4-FBE6-D9A2-268A-6EC330972FCF" otype="Table" vid="26CB6081-C368-FAE8-4866-1CCAFD782C4D">
<hideElementsInCurrentOnly>false</hideElementsInCurrentOnly>
<bounds x="398" y="30" width="275" height="99"/>
</OView>
<OView class="oracle.dbtools.crest.swingui.relational.TVTable" oid="4213BB43-8A7B-2B41-2342-EF4E36954C58" otype="Table" vid="496D670B-8863-695F-2799-346CFD901DEC">
<hideElementsInCurrentOnly>false</hideElementsInCurrentOnly>
<bounds x="609" y="205" width="435" height="134"/>
</OView>
<OView class="oracle.dbtools.crest.swingui.relational.TVTable" oid="549FA28E-BA31-C58B-212C-0D2001679596" otype="Table" vid="BCC3AFCC-5D2C-0CA0-B3C4-A5BC8BC4DF82">
<hideElementsInCurrentOnly>false</hideElementsInCurrentOnly>
<bounds x="1530" y="45" width="208" height="66"/>
</OView>
<OView class="oracle.dbtools.crest.swingui.relational.TVTable" oid="5F962FDD-4534-9A71-9E76-715B77DDE535" otype="Table" vid="C2EF8BF4-D221-3177-8E5F-0DC8F0DFE83D">
<hideElementsInCurrentOnly>false</hideElementsInCurrentOnly>
<bounds x="8" y="408" width="240" height="78"/>
</OView>
<OView class="oracle.dbtools.crest.swingui.relational.TVTable" oid="8A3A998D-CA1F-AB45-918A-3F99695BB1E2" otype="Table" vid="BD67591B-5C5C-BC3F-06D8-12FB35A7A5E9">
<hideElementsInCurrentOnly>false</hideElementsInCurrentOnly>
<bounds x="783" y="401" width="208" height="80"/>
</OView>
<OView class="oracle.dbtools.crest.swingui.relational.TVTable" oid="8D41DA95-D773-9158-466A-BD31F3899E19" otype="Table" vid="0E87E97C-9D7B-0933-93A0-0BAAF0DED2A3">
<hideElementsInCurrentOnly>false</hideElementsInCurrentOnly>
<bounds x="1092" y="123" width="382" height="214"/>
</OView>
<OView class="oracle.dbtools.crest.swingui.relational.TVTable" oid="95DDD536-9249-A394-0CCB-E730182F876A" otype="Table" vid="06550854-CDC1-3B93-170B-A8FCEEA26A38">
<hideElementsInCurrentOnly>false</hideElementsInCurrentOnly>
<bounds x="1532" y="227" width="210" height="79"/>
</OView>
<OView class="oracle.dbtools.crest.swingui.relational.TVTable" oid="C8CA32AF-B6D7-F5D8-F5BB-868EB4890F51" otype="Table" vid="4E7A574F-AE2A-5B41-A2EE-ED9A717D7E36">
<hideElementsInCurrentOnly>false</hideElementsInCurrentOnly>
<bounds x="1532" y="137" width="208" height="74"/>
</OView>
<OView class="oracle.dbtools.crest.swingui.relational.TVTable" oid="DF1194C6-94C2-0AEE-F2FC-FC81FE06475E" otype="Table" vid="E65D853C-6A1D-D5DF-21A4-8B94608258AF">
<hideElementsInCurrentOnly>false</hideElementsInCurrentOnly>
<bounds x="78" y="47" width="214" height="73"/>
</OView>
<OView class="oracle.dbtools.crest.swingui.relational.TVTable" oid="E179C38A-D8D4-1F21-D9CD-5E772D4C9C07" otype="Table" vid="D22BE659-B787-DE4C-4D8B-6AA3FF451911">
<hideElementsInCurrentOnly>false</hideElementsInCurrentOnly>
<bounds x="0" y="189" width="372" height="148"/>
</OView>
<OView class="oracle.dbtools.crest.swingui.relational.TVTable" oid="E4E937F4-A041-2BB9-63BF-FA4E984AE852" otype="Table" vid="E45752EB-3192-CA43-B474-973D22308526">
<hideElementsInCurrentOnly>false</hideElementsInCurrentOnly>
<bounds x="1533" y="347" width="210" height="75"/>
</OView>
</objectViews>
<connectors>
<Connector class="oracle.dbtools.crest.swingui.relational.TVFKRelation" oid="138501E3-3D70-7A52-90B9-10891D3BCC99" otype="FKIndexAssociation" vid_source="BCC3AFCC-5D2C-0CA0-B3C4-A5BC8BC4DF82" vid_target="0E87E97C-9D7B-0933-93A0-0BAAF0DED2A3">
<hideElementsInCurrentOnly>false</hideElementsInCurrentOnly>
<backgroundColor>-16777216</backgroundColor>
<lineWidth>1</lineWidth>
<points>
<point x="1557" y="111"/>
<point x="1474" y="147"/>
</points>
</Connector>
<Connector class="oracle.dbtools.crest.swingui.relational.TVFKRelation" oid="346CB7E2-BCB9-CA54-119C-5ABE057BCCB3" otype="FKIndexAssociation" vid_source="BD67591B-5C5C-BC3F-06D8-12FB35A7A5E9" vid_target="496D670B-8863-695F-2799-346CFD901DEC">
<hideElementsInCurrentOnly>false</hideElementsInCurrentOnly>
<backgroundColor>-16777216</backgroundColor>
<lineWidth>1</lineWidth>
<points>
<point x="887" y="401"/>
<point x="887" y="339"/>
</points>
</Connector>
<Connector class="oracle.dbtools.crest.swingui.relational.TVFKRelation" oid="3B6F9E3F-21DD-86D4-0417-73E199E3C6A1" otype="FKIndexAssociation" vid_source="06550854-CDC1-3B93-170B-A8FCEEA26A38" vid_target="0E87E97C-9D7B-0933-93A0-0BAAF0DED2A3">
<hideElementsInCurrentOnly>false</hideElementsInCurrentOnly>
<backgroundColor>-16777216</backgroundColor>
<lineWidth>1</lineWidth>
<points>
<point x="1532" y="266"/>
<point x="1474" y="266"/>
</points>
</Connector>
<Connector class="oracle.dbtools.crest.swingui.relational.TVFKRelation" oid="478858D7-1DFF-7AF0-6B95-652A7BD62AC1" otype="FKIndexAssociation" vid_source="26CB6081-C368-FAE8-4866-1CCAFD782C4D" vid_target="95E20C1F-723B-DC3A-EFF8-613A3D612F52">
<hideElementsInCurrentOnly>false</hideElementsInCurrentOnly>
<backgroundColor>-16777216</backgroundColor>
<lineWidth>1</lineWidth>
<points>
<point x="535" y="129"/>
<point x="535" y="377"/>
</points>
</Connector>
<Connector class="oracle.dbtools.crest.swingui.relational.TVFKRelation" oid="52D63F9A-A592-3FA2-EAD8-1EB33407990D" otype="FKIndexAssociation" vid_source="4E7A574F-AE2A-5B41-A2EE-ED9A717D7E36" vid_target="0E87E97C-9D7B-0933-93A0-0BAAF0DED2A3">
<hideElementsInCurrentOnly>false</hideElementsInCurrentOnly>
<backgroundColor>-16777216</backgroundColor>
<lineWidth>1</lineWidth>
<points>
<point x="1532" y="174"/>
<point x="1474" y="174"/>
</points>
</Connector>
<Connector class="oracle.dbtools.crest.swingui.relational.TVFKRelation" oid="592BA58F-A4DA-61DE-CB66-325BB2C565FD" otype="FKIndexAssociation" vid_source="C2EF8BF4-D221-3177-8E5F-0DC8F0DFE83D" vid_target="95E20C1F-723B-DC3A-EFF8-613A3D612F52">
<hideElementsInCurrentOnly>false</hideElementsInCurrentOnly>
<backgroundColor>-16777216</backgroundColor>
<lineWidth>1</lineWidth>
<points>
<point x="248" y="447"/>
<point x="327" y="447"/>
</points>
</Connector>
<Connector class="oracle.dbtools.crest.swingui.relational.TVFKRelation" oid="662EF3B9-E169-DA10-1270-8AD37C72B5E7" otype="FKIndexAssociation" vid_source="E45752EB-3192-CA43-B474-973D22308526" vid_target="0E87E97C-9D7B-0933-93A0-0BAAF0DED2A3">
<hideElementsInCurrentOnly>false</hideElementsInCurrentOnly>
<backgroundColor>-16777216</backgroundColor>
<lineWidth>1</lineWidth>
<points>
<point x="1551" y="347"/>
<point x="1474" y="313"/>
</points>
</Connector>
<Connector class="oracle.dbtools.crest.swingui.relational.TVFKRelation" oid="71786F1D-2380-170D-95E7-F40EC115DC1A" otype="FKIndexAssociation" vid_source="E65D853C-6A1D-D5DF-21A4-8B94608258AF" vid_target="D22BE659-B787-DE4C-4D8B-6AA3FF451911">
<hideElementsInCurrentOnly>false</hideElementsInCurrentOnly>
<backgroundColor>-16777216</backgroundColor>
<lineWidth>1</lineWidth>
<points>
<point x="185" y="120"/>
<point x="185" y="189"/>
</points>
</Connector>
<Connector class="oracle.dbtools.crest.swingui.relational.TVFKRelation" oid="72CCBD91-2EE0-F04A-F73B-7588A8C1CFB9" otype="FKIndexAssociation" vid_source="26CB6081-C368-FAE8-4866-1CCAFD782C4D" vid_target="D22BE659-B787-DE4C-4D8B-6AA3FF451911">
<hideElementsInCurrentOnly>false</hideElementsInCurrentOnly>
<backgroundColor>-16777216</backgroundColor>
<lineWidth>1</lineWidth>
<points>
<point x="441" y="129"/>
<point x="326" y="189"/>
</points>
</Connector>
<Connector class="oracle.dbtools.crest.swingui.relational.TVFKRelation" oid="F0301F7C-F3E6-B6D9-904F-CDCDAB3DADC9" otype="FKIndexAssociation" vid_source="26CB6081-C368-FAE8-4866-1CCAFD782C4D" vid_target="496D670B-8863-695F-2799-346CFD901DEC">
<hideElementsInCurrentOnly>false</hideElementsInCurrentOnly>
<backgroundColor>-16777216</backgroundColor>
<lineWidth>1</lineWidth>
<points>
<point x="641" y="129"/>
<point x="641" y="205"/>
</points>
</Connector>
<Connector class="oracle.dbtools.crest.swingui.relational.TVFKRelation" oid="F55DE704-AC57-10AC-291E-576D8FB6C41D" otype="FKIndexAssociation" vid_source="0E87E97C-9D7B-0933-93A0-0BAAF0DED2A3" vid_target="496D670B-8863-695F-2799-346CFD901DEC">
<hideElementsInCurrentOnly>false</hideElementsInCurrentOnly>
<backgroundColor>-16777216</backgroundColor>
<lineWidth>1</lineWidth>
<points>
<point x="1092" y="271"/>
<point x="1044" y="271"/>
</points>
</Connector>
</connectors>
</Diagram>