<?xml version = '1.0' encoding = 'UTF-8'?>
<FKIndexAssociation class="oracle.dbtools.crest.model.design.relational.FKIndexAssociation" directorySegmentName="seg_0" id="169DF21F-D67D-731B-3839-688CB0E5DC51" containerWithKeyObject="A8116EA6-F99D-241C-BBC7-6F2A48DB5A89" localFKIndex="77141B69-B470-2E4F-1FDC-86F48B839F25" name="Relation_12_TB_REFEICAO_FK">
<createdBy>rapha</createdBy>
<createdTime>2021-11-15 21:39:51 UTC</createdTime>
<generatorID>44DDA418-A850-F160-5513-88B18239AAB6</generatorID>
<ownerDesignName>Atividade_3_7</ownerDesignName>
<referredTableLongName>TB_REFEICAO</referredTableLongName>
<deleteRule>NO ACTION</deleteRule>
<referredTableID>7391E46F-586B-4C58-3D0A-5E662E0FC492</referredTableID>
<keyObject>7676535A-898E-8F72-12A9-41DF484BBC81</keyObject>
<referredKeyID>7676535A-898E-8F72-12A9-41DF484BBC81</referredKeyID>
<mandatory>true</mandatory>
<refColNames>id_refeição</refColNames>
<transferable>true</transferable>
<rely>false</rely>
<columnDependencyConstraintGenerateInDDL>true</columnDependencyConstraintGenerateInDDL>
</FKIndexAssociation>