<?xml version = '1.0' encoding = 'UTF-8'?>
<FKIndexAssociation class="oracle.dbtools.crest.model.design.relational.FKIndexAssociation" directorySegmentName="seg_0" id="1A065BC4-9313-7404-0198-89FA83566340" containerWithKeyObject="EC740CE6-6DBD-0714-3A64-1937D36109F9" localFKIndex="769FCC2F-FF07-4F29-EF5F-204F61638018" name="TB_LISTA_PESO_TB_USUARIO_FK">
<createdBy>rapha</createdBy>
<createdTime>2021-11-15 21:39:51 UTC</createdTime>
<generatorID>29FE51FC-E17A-570E-0AF1-5272CBC1B1E3</generatorID>
<ownerDesignName>Atividade_3_7</ownerDesignName>
<referredTableLongName>TB_USUARIO</referredTableLongName>
<deleteRule>NO ACTION</deleteRule>
<referredTableID>2ED50B03-1919-E6F5-1082-01FD8B969525</referredTableID>
<keyObject>EF1C7B1F-B4B3-A15D-8B8B-4B2153298A06</keyObject>
<referredKeyID>EF1C7B1F-B4B3-A15D-8B8B-4B2153298A06</referredKeyID>
<mandatory>false</mandatory>
<refColNames>id_user</refColNames>
<transferable>true</transferable>
<rely>false</rely>
<columnDependencyConstraintGenerateInDDL>true</columnDependencyConstraintGenerateInDDL>
</FKIndexAssociation>