<?xml version = '1.0' encoding = 'UTF-8'?>
<FKIndexAssociation class="oracle.dbtools.crest.model.design.relational.FKIndexAssociation" directorySegmentName="seg_0" id="52E59D21-9878-B874-8BEA-2E406230D307" containerWithKeyObject="A8116EA6-F99D-241C-BBC7-6F2A48DB5A89" localFKIndex="F278E4F5-18B5-A72D-15E7-AB386049F556" name="Relation_12_TB_ALIMENTOS_FK">
<createdBy>rapha</createdBy>
<createdTime>2021-11-15 21:39:51 UTC</createdTime>
<generatorID>44DDA418-A850-F160-5513-88B18239AAB6</generatorID>
<ownerDesignName>Atividade_3_7</ownerDesignName>
<referredTableLongName>TB_ALIMENTOS</referredTableLongName>
<deleteRule>NO ACTION</deleteRule>
<referredTableID>EF4EB020-6A1D-B79F-4D01-550CB85A21D0</referredTableID>
<keyObject>441EFB9C-BE49-CD3E-73E8-E7A9317DAD41</keyObject>
<referredKeyID>441EFB9C-BE49-CD3E-73E8-E7A9317DAD41</referredKeyID>
<mandatory>true</mandatory>
<refColNames>id_alimento</refColNames>
<transferable>true</transferable>
<rely>false</rely>
<columnDependencyConstraintGenerateInDDL>true</columnDependencyConstraintGenerateInDDL>
</FKIndexAssociation>