<?xml version = '1.0' encoding = 'UTF-8'?>
<FKIndexAssociation class="oracle.dbtools.crest.model.design.relational.FKIndexAssociation" directorySegmentName="seg_0" id="961D4209-67A9-511E-0E02-3BB248A53E4F" containerWithKeyObject="14CB4ED1-A358-EC25-EA68-C836796A0DA7" localFKIndex="F1B606BA-C168-2AFE-DD63-673D32B73059" name="TB_PG_TB_USUARIO_FK">
<createdBy>rapha</createdBy>
<createdTime>2021-11-15 21:39:51 UTC</createdTime>
<generatorID>14279E2C-6610-0E57-F294-ABCCA8C8D9E9</generatorID>
<ownerDesignName>Atividade_3_7</ownerDesignName>
<referredTableLongName>TB_USUARIO</referredTableLongName>
<deleteRule>NO ACTION</deleteRule>
<referredTableID>2ED50B03-1919-E6F5-1082-01FD8B969525</referredTableID>
<keyObject>EF1C7B1F-B4B3-A15D-8B8B-4B2153298A06</keyObject>
<referredKeyID>EF1C7B1F-B4B3-A15D-8B8B-4B2153298A06</referredKeyID>
<mandatory>true</mandatory>
<refColNames>id_user</refColNames>
<transferable>true</transferable>
<rely>false</rely>
<columnDependencyConstraintGenerateInDDL>true</columnDependencyConstraintGenerateInDDL>
</FKIndexAssociation>