<?xml version = '1.0' encoding = 'UTF-8'?>
<FKIndexAssociation class="oracle.dbtools.crest.model.design.relational.FKIndexAssociation" directorySegmentName="seg_0" id="C2BCDCCB-E6BA-FC43-CF9E-89E0B8BBFE2C" containerWithKeyObject="B1D99F5B-D421-3748-DED0-897C58AB53F1" localFKIndex="BEB9E801-EC7C-BA1A-718F-003BC85C7230" name="TB_ATV_FISICA_TB_USUARIO_FK">
<createdBy>rapha</createdBy>
<createdTime>2021-11-15 21:39:51 UTC</createdTime>
<generatorID>E9E45A64-BEDA-AF6A-8FDB-0F82E7935F78</generatorID>
<ownerDesignName>Atividade_3_7</ownerDesignName>
<referredTableLongName>TB_USUARIO</referredTableLongName>
<deleteRule>NO ACTION</deleteRule>
<referredTableID>2ED50B03-1919-E6F5-1082-01FD8B969525</referredTableID>
<keyObject>EF1C7B1F-B4B3-A15D-8B8B-4B2153298A06</keyObject>
<referredKeyID>EF1C7B1F-B4B3-A15D-8B8B-4B2153298A06</referredKeyID>
<mandatory>false</mandatory>
<refColNames>id_user</refColNames>
<transferable>true</transferable>
<rely>false</rely>
<columnDependencyConstraintGenerateInDDL>true</columnDependencyConstraintGenerateInDDL>
</FKIndexAssociation>