<?xml version = '1.0' encoding = 'UTF-8'?>
<FKIndexAssociation class="oracle.dbtools.crest.model.design.relational.FKIndexAssociation" directorySegmentName="seg_0" id="D7697E4B-C672-74F0-29D5-FF4384D3D49E" containerWithKeyObject="0D29AD88-0D12-EB01-7D0A-13AC6BEA1992" localFKIndex="70410281-0939-1224-69C0-02A8E01055E2" name="TB_IMC_TB_USUARIO_FK">
<createdBy>rapha</createdBy>
<createdTime>2021-11-15 21:39:51 UTC</createdTime>
<generatorID>BCBA3C06-D730-6EC0-3306-5DCB22679530</generatorID>
<ownerDesignName>Atividade_3_7</ownerDesignName>
<referredTableLongName>TB_USUARIO</referredTableLongName>
<deleteRule>NO ACTION</deleteRule>
<referredTableID>2ED50B03-1919-E6F5-1082-01FD8B969525</referredTableID>
<keyObject>EF1C7B1F-B4B3-A15D-8B8B-4B2153298A06</keyObject>
<referredKeyID>EF1C7B1F-B4B3-A15D-8B8B-4B2153298A06</referredKeyID>
<mandatory>false</mandatory>
<refColNames>id_user</refColNames>
<transferable>true</transferable>
<rely>false</rely>
<columnDependencyConstraintGenerateInDDL>true</columnDependencyConstraintGenerateInDDL>
</FKIndexAssociation>