<?xml version = '1.0' encoding = 'UTF-8'?>
<FKIndexAssociation class="oracle.dbtools.crest.model.design.relational.FKIndexAssociation" directorySegmentName="seg_0" id="E2E2EE61-1321-357A-5A94-596A4B4BB8B7" containerWithKeyObject="7391E46F-586B-4C58-3D0A-5E662E0FC492" localFKIndex="E53B57A8-74C0-D827-ADBD-813F6B28B339" name="TB_REFEICAO_TB_USUARIO_FK">
<createdBy>rapha</createdBy>
<createdTime>2021-11-15 21:39:51 UTC</createdTime>
<generatorID>E8F5151C-468F-A8B0-E25E-82F2D07FC2A9</generatorID>
<ownerDesignName>Atividade_3_7</ownerDesignName>
<referredTableLongName>TB_USUARIO</referredTableLongName>
<deleteRule>NO ACTION</deleteRule>
<referredTableID>2ED50B03-1919-E6F5-1082-01FD8B969525</referredTableID>
<keyObject>EF1C7B1F-B4B3-A15D-8B8B-4B2153298A06</keyObject>
<referredKeyID>EF1C7B1F-B4B3-A15D-8B8B-4B2153298A06</referredKeyID>
<mandatory>true</mandatory>
<refColNames>id_user</refColNames>
<transferable>true</transferable>
<rely>false</rely>
<columnDependencyConstraintGenerateInDDL>true</columnDependencyConstraintGenerateInDDL>
</FKIndexAssociation>