<?xml version = '1.0' encoding = 'UTF-8'?>
<Diagram class="oracle.dbtools.crest.swingui.logical.DPVLogical" name="Logical" id="FA659964-30A0-D23E-8206-764A04D78E08">
<createdBy>rapha</createdBy>
<modifiedBy>rapha</modifiedBy>
<createdTime>2021-11-14 16:14:38 UTC</createdTime>
<autoRoute>false</autoRoute>
<boxInbox>true</boxInbox>
<showLegend>false</showLegend>
<showLabels>false</showLabels>
<showRelAttributes>false</showRelAttributes>
<gridEnabled>false</gridEnabled>
<showGrid>false</showGrid>
<diagramColor>-1</diagramColor>
<display>false</display>
<notation>0</notation>
<objectViews>
<OView class="oracle.dbtools.crest.swingui.logical.TVEntity" oid="3C734FE9-D529-CC28-C37D-B4E088F0A5EB" otype="Entity" vid="5B110600-7C7F-8B83-4E85-3FB4BCAA477C">
<hideElementsInCurrentOnly>false</hideElementsInCurrentOnly>
<bounds x="420" y="149" width="195" height="104"/>
</OView>
<OView class="oracle.dbtools.crest.swingui.logical.TVEntity" oid="4A87362D-B036-FC0E-223A-39148EC02958" otype="Entity" vid="5BA39663-9C95-8EBB-60CB-D3FBA79B7991">
<hideElementsInCurrentOnly>false</hideElementsInCurrentOnly>
<bounds x="1083" y="146" width="179" height="124"/>
</OView>
<OView class="oracle.dbtools.crest.swingui.logical.TVEntity" oid="4C4AC820-6E9A-6FFE-879C-2A689341054A" otype="Entity" vid="B8549B36-5907-E003-E468-A21D1EA09F4E">
<hideElementsInCurrentOnly>false</hideElementsInCurrentOnly>
<bounds x="1053" y="0" width="221" height="133"/>
</OView>
<OView class="oracle.dbtools.crest.swingui.logical.TVEntity" oid="4F714EC2-5811-F1BB-DB51-A60EEE2AE67B" otype="Entity" vid="45B67BD7-3AFA-DD39-23A0-2BDCC02940A3">
<hideElementsInCurrentOnly>false</hideElementsInCurrentOnly>
<bounds x="18" y="23" width="355" height="147"/>
</OView>
<OView class="oracle.dbtools.crest.swingui.logical.TVEntity" oid="60A4A3B9-7487-D65B-89F2-50CFEAB85745" otype="Entity" vid="E0AF1761-DA20-25C5-FFDD-CAEA20234BB1">
<hideElementsInCurrentOnly>false</hideElementsInCurrentOnly>
<bounds x="386" y="285" width="229" height="135"/>
</OView>
<OView class="oracle.dbtools.crest.swingui.logical.TVEntity" oid="B2902AB0-56AE-69B3-3778-A863F7361B7D" otype="Entity" vid="2BB6D8FB-D64E-8BF6-817A-EC7A2F1FC52E">
<hideElementsInCurrentOnly>false</hideElementsInCurrentOnly>
<bounds x="1074" y="288" width="199" height="114"/>
</OView>
<OView class="oracle.dbtools.crest.swingui.logical.TVEntity" oid="B669A69B-0CB4-7643-DEA2-3B22DBEDEC3C" otype="Entity" vid="F33844B8-12BC-350A-ED06-88007BEBC4A0">
<hideElementsInCurrentOnly>false</hideElementsInCurrentOnly>
<bounds x="662" y="42" width="324" height="262"/>
</OView>
</objectViews>
<connectors>
<Connector class="oracle.dbtools.crest.swingui.logical.TVRelation" oid="14279E2C-6610-0E57-F294-ABCCA8C8D9E9" otype="Relation" vid_source="F33844B8-12BC-350A-ED06-88007BEBC4A0" vid_target="B8549B36-5907-E003-E468-A21D1EA09F4E">
<hideElementsInCurrentOnly>false</hideElementsInCurrentOnly>
<backgroundColor>-16777216</backgroundColor>
<lineWidth>1</lineWidth>
<points>
<point x="986" y="102"/>
<point x="1053" y="102"/>
</points>
</Connector>
<Connector class="oracle.dbtools.crest.swingui.logical.TVRelation" oid="29FE51FC-E17A-570E-0AF1-5272CBC1B1E3" otype="Relation" vid_source="F33844B8-12BC-350A-ED06-88007BEBC4A0" vid_target="2BB6D8FB-D64E-8BF6-817A-EC7A2F1FC52E">
<hideElementsInCurrentOnly>false</hideElementsInCurrentOnly>
<backgroundColor>-16777216</backgroundColor>
<lineWidth>1</lineWidth>
<points>
<point x="986" y="296"/>
<point x="1074" y="296"/>
</points>
</Connector>
<Connector class="oracle.dbtools.crest.swingui.logical.TVRelation" oid="44DDA418-A850-F160-5513-88B18239AAB6" otype="Relation" vid_source="5B110600-7C7F-8B83-4E85-3FB4BCAA477C" vid_target="45B67BD7-3AFA-DD39-23A0-2BDCC02940A3">
<hideElementsInCurrentOnly>false</hideElementsInCurrentOnly>
<backgroundColor>-16777216</backgroundColor>
<lineWidth>1</lineWidth>
<points>
<point x="420" y="159"/>
<point x="373" y="159"/>
</points>
</Connector>
<Connector class="oracle.dbtools.crest.swingui.logical.TVRelation" oid="BCBA3C06-D730-6EC0-3306-5DCB22679530" otype="Relation" vid_source="F33844B8-12BC-350A-ED06-88007BEBC4A0" vid_target="5BA39663-9C95-8EBB-60CB-D3FBA79B7991">
<hideElementsInCurrentOnly>false</hideElementsInCurrentOnly>
<backgroundColor>-16777216</backgroundColor>
<lineWidth>1</lineWidth>
<points>
<point x="986" y="208"/>
<point x="1083" y="208"/>
</points>
</Connector>
<Connector class="oracle.dbtools.crest.swingui.logical.TVRelation" oid="E8F5151C-468F-A8B0-E25E-82F2D07FC2A9" otype="Relation" vid_source="F33844B8-12BC-350A-ED06-88007BEBC4A0" vid_target="5B110600-7C7F-8B83-4E85-3FB4BCAA477C">
<hideElementsInCurrentOnly>false</hideElementsInCurrentOnly>
<backgroundColor>-16777216</backgroundColor>
<lineWidth>1</lineWidth>
<points>
<point x="662" y="201"/>
<point x="615" y="201"/>
</points>
</Connector>
<Connector class="oracle.dbtools.crest.swingui.logical.TVRelation" oid="E9E45A64-BEDA-AF6A-8FDB-0F82E7935F78" otype="Relation" vid_source="F33844B8-12BC-350A-ED06-88007BEBC4A0" vid_target="E0AF1761-DA20-25C5-FFDD-CAEA20234BB1">
<hideElementsInCurrentOnly>false</hideElementsInCurrentOnly>
<backgroundColor>-16777216</backgroundColor>
<lineWidth>1</lineWidth>
<points>
<point x="662" y="294"/>
<point x="615" y="294"/>
</points>
</Connector>
</connectors>
</Diagram>