<?xml version = '1.0' encoding = 'UTF-8'?>
<relationalModel class="oracle.dbtools.crest.model.design.relational.RelationalDesign" name="Relational_1" id="1A9043C7-A7CE-4AB7-D546-30D4BC5575A0" mainViewID="604FFCD9-3D20-D108-6CE8-5941D1CB9222">
<createdBy>rapha</createdBy>
<createdTime>2021-11-14 16:10:13 UTC</createdTime>
<ownerDesignName>Atividade_3_7</ownerDesignName>
<shouldBeOpen>false</shouldBeOpen>
<selectedRDBMSSite>32076570-2523-435C-2E92-BF29817DFF70</selectedRDBMSSite>
</relationalModel>